session_num,file_key,team_id,session_id,participant_id,condition,run_order,timestamp,message_content,route_mode,route_confidence,route_source,route_override_used,override_mode,route_archetype,route_rationale,is_slash_command,has_research_job
1,1/1 jc/session-study-team-01-timeline.json,study-team-01,0f54578d-f9a0-4a58-bfbe-17df9611f2e5,study-user-01-01,AI_ON,AB,2026-03-19T09:19:27.343Z,help me study for network security,ask,0.5,server-classifier,False,auto,pragmatic-advisor,No strong research signal detected; defaulting to assistant mode.,False,False
1,1/1 jc/session-study-team-01-timeline.json,study-team-01,0f54578d-f9a0-4a58-bfbe-17df9611f2e5,study-user-01-01,AI_ON,AB,2026-03-19T09:20:01.802Z,compile some research on bgp and its security issues/features,research,0.7799999999999999,server-classifier,False,auto,research-analyst,Matched explicit research phrasing; Matched 1 planning/evaluation hint(s). Routed to research mode.,False,True
1,1/1 jc/session-study-team-01-timeline.json,study-team-01,0f54578d-f9a0-4a58-bfbe-17df9611f2e5,study-user-01-01,AI_ON,AB,2026-03-19T09:22:13.367Z,@agent help me do something quiz cards for this,ask,1,manual-override,True,ask,pragmatic-advisor,Manual override selected by user.,False,False
1,1/1 jc/session-study-team-01-timeline.json,study-team-01,0f54578d-f9a0-4a58-bfbe-17df9611f2e5,study-user-01-01,AI_ON,AB,2026-03-19T09:22:49.136Z,put it in my to study list,ask,1,manual-override,True,ask,pragmatic-advisor,Manual override selected by user.,False,False
1,1/1 jc/session-study-team-01-timeline.json,study-team-01,0f54578d-f9a0-4a58-bfbe-17df9611f2e5,study-user-01-01,AI_ON,AB,2026-03-19T09:23:06.707Z,put it in my to-study list,ask,1,manual-override,True,ask,pragmatic-advisor,Manual override selected by user.,False,False
1,1/1 jc/session-study-team-01-timeline.json,study-team-01,0f54578d-f9a0-4a58-bfbe-17df9611f2e5,study-user-01-01,AI_ON,AB,2026-03-19T09:23:37.827Z,@agent help me come up with a checklist of topics to revise,ask,1,manual-override,True,ask,pragmatic-advisor,Manual override selected by user.,False,False
1,1/1 jc/session-study-team-01-timeline.json,study-team-01,0f54578d-f9a0-4a58-bfbe-17df9611f2e5,study-user-01-01,AI_ON,AB,2026-03-19T09:24:15.627Z,can you summarise all the information ive revised today,ask,1,manual-override,True,ask,pragmatic-advisor,Manual override selected by user.,False,False
1,1/3 sam/session-study-team-03-timeline.json,study-team-03,session-1773912267195-y6grf9u3,study-user-03-01,AI_ON,AB,2026-03-19T09:35:45.342Z,hi chat im samuel,ask,0.5,server-classifier,False,auto,pragmatic-advisor,No strong research signal detected; defaulting to assistant mode.,False,False
1,1/3 sam/session-study-team-03-timeline.json,study-team-03,session-1773912267195-y6grf9u3,study-user-03-01,AI_ON,AB,2026-03-19T09:37:03.773Z,sup my bros,ask,0.5,server-classifier,False,auto,pragmatic-advisor,No strong research signal detected; defaulting to assistant mode.,False,False
1,1/3 sam/session-study-team-03-timeline.json,study-team-03,session-1773912267195-y6grf9u3,study-user-03-01,AI_ON,AB,2026-03-19T09:37:07.749Z,anyone here,ask,0.5,server-classifier,False,auto,pragmatic-advisor,No strong research signal detected; defaulting to assistant mode.,False,False
1,1/3 sam/session-study-team-03-timeline.json,study-team-03,session-1773912267195-y6grf9u3,study-user-03-01,AI_ON,AB,2026-03-19T09:37:55.372Z,how do i use mqtt to transmit a stream of information from an esp32 to my laptop,research,1,manual-override,True,research,research-analyst,Manual override selected by user.,False,True
1,1/3 sam/session-study-team-03-timeline.json,study-team-03,session-1773912267195-y6grf9u3,study-user-03-01,AI_ON,AB,2026-03-19T09:40:16.873Z,how do i verify the behind any lag happening in the information sent between my esp32 and the mqtt broker on my laptop,ask,1,manual-override,True,ask,pragmatic-advisor,Manual override selected by user.,False,False
1,1/3 sam/session-study-team-03-timeline.json,study-team-03,session-1773912267195-y6grf9u3,study-user-03-01,AI_ON,AB,2026-03-19T09:40:58.115Z,how do i verify the reason behind any lag happening in the information sent between my esp32 and the mqtt broker on my laptop,ask,1,manual-override,True,ask,pragmatic-advisor,Manual override selected by user.,False,False
1,1/3 sam/session-study-team-03-timeline.json,study-team-03,session-1773912267195-y6grf9u3,study-user-03-01,AI_ON,AB,2026-03-19T09:41:16.609Z,help,ask,1,manual-override,True,ask,pragmatic-advisor,Manual override selected by user.,False,False
1,1/3 sam/session-study-team-03-timeline.json,study-team-03,session-1773912267195-y6grf9u3,study-user-03-01,AI_ON,AB,2026-03-19T09:41:16.609Z,/hel,ask,1,manual-override,True,ask,pragmatic-advisor,Manual override selected by user.,True,False
1,1/3 sam/session-study-team-03-timeline.json,study-team-03,session-1773912267195-y6grf9u3,study-user-03-01,AI_ON,AB,2026-03-19T09:42:30.488Z,how do i enable logging on my mqtt broker,ask,1,manual-override,True,ask,pragmatic-advisor,Manual override selected by user.,False,False
1,1/4 ai on/session-study-team-04-timeline.json,study-team-04,0f54578d-f9a0-4a58-bfbe-17df9611f2e5,study-user-04-01,AI_ON,BA,2026-03-19T09:37:59.951Z,where's a fun destination we can go,ask,0.5,server-classifier,False,auto,pragmatic-advisor,No strong research signal detected; defaulting to assistant mode.,False,False
1,1/4 ai on/session-study-team-04-timeline.json,study-team-04,0f54578d-f9a0-4a58-bfbe-17df9611f2e5,study-user-04-01,AI_ON,BA,2026-03-19T09:41:15.179Z,"we are foodies and want to do nature hikes, which location works best for this",ask,1,manual-override,True,ask,pragmatic-advisor,Manual override selected by user.,False,False
1,1/4 ai on/session-study-team-04-timeline.json,study-team-04,0f54578d-f9a0-4a58-bfbe-17df9611f2e5,study-user-04-01,AI_ON,BA,2026-03-19T09:41:23.182Z,"@agent we are foodies and want to do nature hikes, which location works best for this",ask,1,manual-override,True,ask,pragmatic-advisor,Manual override selected by user.,False,False
1,1/4 ai on/session-study-team-04-timeline.json,study-team-04,0f54578d-f9a0-4a58-bfbe-17df9611f2e5,study-user-04-02,AI_ON,BA,2026-03-19T09:47:33.589Z,i dont like nature hikes,ask,1,manual-override,True,ask,pragmatic-advisor,Manual override selected by user.,False,False
1,1/4 ai on/session-study-team-04-timeline.json,study-team-04,0f54578d-f9a0-4a58-bfbe-17df9611f2e5,study-user-04-01,AI_ON,BA,2026-03-19T09:47:37.292Z,oh okay,ask,1,manual-override,True,ask,pragmatic-advisor,Manual override selected by user.,False,False
1,1/4 ai on/session-study-team-04-timeline.json,study-team-04,0f54578d-f9a0-4a58-bfbe-17df9611f2e5,study-user-04-01,AI_ON,BA,2026-03-19T09:47:46.335Z,we can do something else,ask,1,manual-override,True,ask,pragmatic-advisor,Manual override selected by user.,False,False
1,1/4 ai on/session-study-team-04-timeline.json,study-team-04,0f54578d-f9a0-4a58-bfbe-17df9611f2e5,study-user-04-01,AI_ON,BA,2026-03-19T09:48:04.728Z,what do you want to do,ask,1,manual-override,True,ask,pragmatic-advisor,Manual override selected by user.,False,False
1,1/4 ai on/session-study-team-04-timeline.json,study-team-04,0f54578d-f9a0-4a58-bfbe-17df9611f2e5,study-user-04-02,AI_ON,BA,2026-03-19T09:48:11.584Z,err,ask,1,manual-override,True,ask,pragmatic-advisor,Manual override selected by user.,False,False
1,1/4 ai on/session-study-team-04-timeline.json,study-team-04,0f54578d-f9a0-4a58-bfbe-17df9611f2e5,study-user-04-02,AI_ON,BA,2026-03-19T09:48:17.651Z,food,ask,1,manual-override,True,ask,pragmatic-advisor,Manual override selected by user.,False,False
1,1/4 ai on/session-study-team-04-timeline.json,study-team-04,0f54578d-f9a0-4a58-bfbe-17df9611f2e5,study-user-04-02,AI_ON,BA,2026-03-19T09:48:21.981Z,food sounds good,ask,1,manual-override,True,ask,pragmatic-advisor,Manual override selected by user.,False,False
1,1/4 ai on/session-study-team-04-timeline.json,study-team-04,0f54578d-f9a0-4a58-bfbe-17df9611f2e5,study-user-04-01,AI_ON,BA,2026-03-19T09:48:26.433Z,wow that's literally the other thing i put,ask,1,manual-override,True,ask,pragmatic-advisor,Manual override selected by user.,False,False
1,1/4 ai on/session-study-team-04-timeline.json,study-team-04,0f54578d-f9a0-4a58-bfbe-17df9611f2e5,study-user-04-02,AI_ON,BA,2026-03-19T09:48:30.936Z,truee,ask,1,manual-override,True,ask,pragmatic-advisor,Manual override selected by user.,False,False
1,1/4 ai on/session-study-team-04-timeline.json,study-team-04,0f54578d-f9a0-4a58-bfbe-17df9611f2e5,study-user-04-01,AI_ON,BA,2026-03-19T09:48:30.955Z,i said we like food and nature,ask,1,manual-override,True,ask,pragmatic-advisor,Manual override selected by user.,False,False
1,1/4 ai on/session-study-team-04-timeline.json,study-team-04,0f54578d-f9a0-4a58-bfbe-17df9611f2e5,study-user-04-01,AI_ON,BA,2026-03-19T09:48:40.286Z,@grok,ask,1,manual-override,True,ask,pragmatic-advisor,Manual override selected by user.,False,False
1,1/4 ai on/session-study-team-04-timeline.json,study-team-04,0f54578d-f9a0-4a58-bfbe-17df9611f2e5,study-user-04-02,AI_ON,BA,2026-03-19T09:48:43.024Z,i mean theres nothing else to do around asia,ask,1,manual-override,True,ask,pragmatic-advisor,Manual override selected by user.,False,False
1,1/4 ai on/session-study-team-04-timeline.json,study-team-04,0f54578d-f9a0-4a58-bfbe-17df9611f2e5,study-user-04-02,AI_ON,BA,2026-03-19T09:48:58.360Z,perhaps thrifting,ask,1,manual-override,True,ask,pragmatic-advisor,Manual override selected by user.,False,False
1,1/4 ai on/session-study-team-04-timeline.json,study-team-04,0f54578d-f9a0-4a58-bfbe-17df9611f2e5,study-user-04-01,AI_ON,BA,2026-03-19T09:48:58.445Z,@agent where should we go for good food in KL,ask,1,manual-override,True,ask,pragmatic-advisor,Manual override selected by user.,False,False
1,1/4 ai on/session-study-team-04-timeline.json,study-team-04,0f54578d-f9a0-4a58-bfbe-17df9611f2e5,study-user-04-01,AI_ON,BA,2026-03-19T09:49:22.423Z,what do you think,ask,1,manual-override,True,ask,pragmatic-advisor,Manual override selected by user.,False,False
1,1/4 ai on/session-study-team-04-timeline.json,study-team-04,0f54578d-f9a0-4a58-bfbe-17df9611f2e5,study-user-04-02,AI_ON,BA,2026-03-19T09:49:45.387Z,i like hokkien mee,ask,1,manual-override,True,ask,pragmatic-advisor,Manual override selected by user.,False,False
1,1/4 ai on/session-study-team-04-timeline.json,study-team-04,0f54578d-f9a0-4a58-bfbe-17df9611f2e5,study-user-04-01,AI_ON,BA,2026-03-19T09:49:57.119Z,that sounds yummy,ask,1,manual-override,True,ask,pragmatic-advisor,Manual override selected by user.,False,False
1,1/4 ai on/session-study-team-04-timeline.json,study-team-04,0f54578d-f9a0-4a58-bfbe-17df9611f2e5,study-user-04-01,AI_ON,BA,2026-03-19T09:49:57.119Z,yeah sure,ask,1,manual-override,True,ask,pragmatic-advisor,Manual override selected by user.,False,False
1,1/4 ai on/session-study-team-04-timeline.json,study-team-04,0f54578d-f9a0-4a58-bfbe-17df9611f2e5,study-user-04-02,AI_ON,BA,2026-03-19T09:49:57.253Z,airbnb?,ask,1,manual-override,True,ask,pragmatic-advisor,Manual override selected by user.,False,False
1,1/4 ai on/session-study-team-04-timeline.json,study-team-04,0f54578d-f9a0-4a58-bfbe-17df9611f2e5,study-user-04-01,AI_ON,BA,2026-03-19T09:50:16.784Z,um,ask,1,manual-override,True,ask,pragmatic-advisor,Manual override selected by user.,False,False
1,1/4 ai on/session-study-team-04-timeline.json,study-team-04,0f54578d-f9a0-4a58-bfbe-17df9611f2e5,study-user-04-01,AI_ON,BA,2026-03-19T09:50:22.035Z,when should we leave,ask,1,manual-override,True,ask,pragmatic-advisor,Manual override selected by user.,False,False
1,1/4 ai on/session-study-team-04-timeline.json,study-team-04,0f54578d-f9a0-4a58-bfbe-17df9611f2e5,study-user-04-01,AI_ON,BA,2026-03-19T09:50:22.035Z,like 10am ?,ask,1,manual-override,True,ask,pragmatic-advisor,Manual override selected by user.,False,False
1,1/4 ai on/session-study-team-04-timeline.json,study-team-04,0f54578d-f9a0-4a58-bfbe-17df9611f2e5,study-user-04-02,AI_ON,BA,2026-03-19T09:50:32.887Z,dpeends on the bus timing,ask,1,manual-override,True,ask,pragmatic-advisor,Manual override selected by user.,False,False
1,1/4 ai on/session-study-team-04-timeline.json,study-team-04,0f54578d-f9a0-4a58-bfbe-17df9611f2e5,study-user-04-02,AI_ON,BA,2026-03-19T09:50:32.887Z,or how about the train,ask,1,manual-override,True,ask,pragmatic-advisor,Manual override selected by user.,False,False
1,1/4 ai on/session-study-team-04-timeline.json,study-team-04,0f54578d-f9a0-4a58-bfbe-17df9611f2e5,study-user-04-01,AI_ON,BA,2026-03-19T09:50:39.797Z,not sure,ask,1,manual-override,True,ask,pragmatic-advisor,Manual override selected by user.,False,False
1,1/4 ai on/session-study-team-04-timeline.json,study-team-04,0f54578d-f9a0-4a58-bfbe-17df9611f2e5,study-user-04-01,AI_ON,BA,2026-03-19T09:50:39.797Z,@agent,ask,1,manual-override,True,ask,pragmatic-advisor,Manual override selected by user.,False,False
1,1/4 ai on/session-study-team-04-timeline.json,study-team-04,0f54578d-f9a0-4a58-bfbe-17df9611f2e5,study-user-04-02,AI_ON,BA,2026-03-19T09:51:58.918Z,@agent can you pull up reputable bus operator suggestions for us to use to get to KL,ask,1,manual-override,True,ask,pragmatic-advisor,Manual override selected by user.,False,False
1,1/4 ai on/session-study-team-04-timeline.json,study-team-04,0f54578d-f9a0-4a58-bfbe-17df9611f2e5,study-user-04-01,AI_ON,BA,2026-03-19T09:53:33.926Z,shall we go with the train?,ask,1,manual-override,True,ask,pragmatic-advisor,Manual override selected by user.,False,False
1,1/4 ai on/session-study-team-04-timeline.json,study-team-04,0f54578d-f9a0-4a58-bfbe-17df9611f2e5,study-user-04-02,AI_ON,BA,2026-03-19T09:53:36.357Z,yes,ask,1,manual-override,True,ask,pragmatic-advisor,Manual override selected by user.,False,False
1,1/4 ai on/session-study-team-04-timeline.json,study-team-04,0f54578d-f9a0-4a58-bfbe-17df9611f2e5,study-user-04-01,AI_ON,BA,2026-03-19T09:53:40.964Z,i like trains,ask,1,manual-override,True,ask,pragmatic-advisor,Manual override selected by user.,False,False
1,1/4 ai on/session-study-team-04-timeline.json,study-team-04,0f54578d-f9a0-4a58-bfbe-17df9611f2e5,study-user-04-02,AI_ON,BA,2026-03-19T09:53:41.167Z,yess,ask,1,manual-override,True,ask,pragmatic-advisor,Manual override selected by user.,False,False
1,1/4 ai on/session-study-team-04-timeline.json,study-team-04,0f54578d-f9a0-4a58-bfbe-17df9611f2e5,study-user-04-02,AI_ON,BA,2026-03-19T09:54:02.006Z,@agent what time does the train leave,ask,1,manual-override,True,ask,pragmatic-advisor,Manual override selected by user.,False,False
1,1/4 ai on/session-study-team-04-timeline.json,study-team-04,0f54578d-f9a0-4a58-bfbe-17df9611f2e5,study-user-04-02,AI_ON,BA,2026-03-19T09:54:57.628Z,@agent what time does the train leave,ask,1,server-classifier,False,auto,pragmatic-advisor,Direct @agent mention should route to conversational assistant mode.,False,False
1,1/4 ai on/session-study-team-04-timeline.json,study-team-04,0f54578d-f9a0-4a58-bfbe-17df9611f2e5,study-user-04-01,AI_ON,BA,2026-03-19T09:54:58.916Z,@agent what time does the train leave,ask,1,server-classifier,False,auto,pragmatic-advisor,Direct @agent mention should route to conversational assistant mode.,False,False
1,1/5 ai light/session-study-team-05-timeline.json,study-team-05,0f54578d-f9a0-4a58-bfbe-17df9611f2e5,study-user-05-01,AI_LIGHT,,2026-03-19T10:03:35.866Z,lets do a podcast guys,ask,0.5,server-classifier,False,auto,pragmatic-advisor,No strong research signal detected; defaulting to assistant mode.,False,False
1,1/5 ai light/session-study-team-05-timeline.json,study-team-05,0f54578d-f9a0-4a58-bfbe-17df9611f2e5,study-user-05-01,AI_LIGHT,,2026-03-19T10:03:35.866Z,any ideas,ask,0.5,server-classifier,False,auto,pragmatic-advisor,No strong research signal detected; defaulting to assistant mode.,False,False
1,1/5 ai light/session-study-team-05-timeline.json,study-team-05,0f54578d-f9a0-4a58-bfbe-17df9611f2e5,study-user-05-02,AI_LIGHT,,2026-03-19T10:03:42.842Z,um,ask,0.2,server-classifier,False,auto,pragmatic-advisor,Single-word non-explicit input stays in ask mode.,False,False
1,1/5 ai light/session-study-team-05-timeline.json,study-team-05,0f54578d-f9a0-4a58-bfbe-17df9611f2e5,study-user-05-02,AI_LIGHT,,2026-03-19T10:03:49.771Z,idk bro,ask,0.5,server-classifier,False,auto,pragmatic-advisor,No strong research signal detected; defaulting to assistant mode.,False,False
1,1/5 ai light/session-study-team-05-timeline.json,study-team-05,0f54578d-f9a0-4a58-bfbe-17df9611f2e5,study-user-05-02,AI_LIGHT,,2026-03-19T10:03:49.771Z,maybe we just talk about stocks,ask,0.5,server-classifier,False,auto,pragmatic-advisor,No strong research signal detected; defaulting to assistant mode.,False,False
1,1/5 ai light/session-study-team-05-timeline.json,study-team-05,0f54578d-f9a0-4a58-bfbe-17df9611f2e5,study-user-05-01,AI_LIGHT,,2026-03-19T10:04:01.121Z,TRUEEEEE,ask,0.2,server-classifier,False,auto,pragmatic-advisor,Single-word non-explicit input stays in ask mode.,False,False
1,1/5 ai light/session-study-team-05-timeline.json,study-team-05,0f54578d-f9a0-4a58-bfbe-17df9611f2e5,study-user-05-02,AI_LIGHT,,2026-03-19T10:04:21.502Z,i think we call it like,ask,0.5,server-classifier,False,auto,pragmatic-advisor,No strong research signal detected; defaulting to assistant mode.,False,False
1,1/5 ai light/session-study-team-05-timeline.json,study-team-05,0f54578d-f9a0-4a58-bfbe-17df9611f2e5,study-user-05-02,AI_LIGHT,,2026-03-19T10:04:21.502Z,bets and buckets,ask,0.5,server-classifier,False,auto,pragmatic-advisor,No strong research signal detected; defaulting to assistant mode.,False,False
1,1/5 ai light/session-study-team-05-timeline.json,study-team-05,0f54578d-f9a0-4a58-bfbe-17df9611f2e5,study-user-05-01,AI_LIGHT,,2026-03-19T10:04:30.945Z,LOL,ask,0.2,server-classifier,False,auto,pragmatic-advisor,Single-word non-explicit input stays in ask mode.,False,False
1,1/5 ai light/session-study-team-05-timeline.json,study-team-05,0f54578d-f9a0-4a58-bfbe-17df9611f2e5,study-user-05-02,AI_LIGHT,,2026-03-19T10:04:35.780Z,@agent is that funny,ask,1,server-classifier,False,auto,pragmatic-advisor,Direct @agent mention should route to conversational assistant mode.,False,False
1,1/5 ai light/session-study-team-05-timeline.json,study-team-05,0f54578d-f9a0-4a58-bfbe-17df9611f2e5,study-user-05-01,AI_LIGHT,,2026-03-19T10:04:58.267Z,@agent how would you structure that podcast,ask,1,server-classifier,False,auto,pragmatic-advisor,Direct @agent mention should route to conversational assistant mode.,False,False
1,1/5 ai light/session-study-team-05-timeline.json,study-team-05,0f54578d-f9a0-4a58-bfbe-17df9611f2e5,study-user-05-02,AI_LIGHT,,2026-03-19T10:05:37.283Z,that's kinda cheesy,ask,0.5,server-classifier,False,auto,pragmatic-advisor,No strong research signal detected; defaulting to assistant mode.,False,False
1,1/5 ai light/session-study-team-05-timeline.json,study-team-05,0f54578d-f9a0-4a58-bfbe-17df9611f2e5,study-user-05-02,AI_LIGHT,,2026-03-19T10:05:41.685Z,we should talk about the kd files,ask,0.5,server-classifier,False,auto,pragmatic-advisor,No strong research signal detected; defaulting to assistant mode.,False,False
1,1/5 ai light/session-study-team-05-timeline.json,study-team-05,0f54578d-f9a0-4a58-bfbe-17df9611f2e5,study-user-05-01,AI_LIGHT,,2026-03-19T10:05:54.486Z,@agent what do you know about the kd files,ask,1,server-classifier,False,auto,pragmatic-advisor,Direct @agent mention should route to conversational assistant mode.,False,False
1,1/5 ai light/session-study-team-05-timeline.json,study-team-05,0f54578d-f9a0-4a58-bfbe-17df9611f2e5,study-user-05-02,AI_LIGHT,,2026-03-19T10:06:25.473Z,okay what technical stuff do we need to know about making a podcast @agent,ask,1,server-classifier,False,auto,pragmatic-advisor,Direct @agent mention should route to conversational assistant mode.,False,False
1,1/5 ai light/session-study-team-05-timeline.json,study-team-05,0f54578d-f9a0-4a58-bfbe-17df9611f2e5,study-user-05-02,AI_LIGHT,,2026-03-19T10:06:36.176Z,do you have a mic,ask,0.5,server-classifier,False,auto,pragmatic-advisor,No strong research signal detected; defaulting to assistant mode.,False,False
1,1/5 ai light/session-study-team-05-timeline.json,study-team-05,0f54578d-f9a0-4a58-bfbe-17df9611f2e5,study-user-05-02,AI_LIGHT,,2026-03-19T10:06:53.465Z,"@agent give us the low budget or free options, we're just students",ask,1,manual-override,True,ask,pragmatic-advisor,Manual override selected by user.,False,False
1,1/5 ai light/session-study-team-05-timeline.json,study-team-05,0f54578d-f9a0-4a58-bfbe-17df9611f2e5,study-user-05-01,AI_LIGHT,,2026-03-19T10:06:57.574Z,i only have my gaming headphone mic,ask,0.5,server-classifier,False,auto,pragmatic-advisor,No strong research signal detected; defaulting to assistant mode.,False,False
1,1/5 ai light/session-study-team-05-timeline.json,study-team-05,0f54578d-f9a0-4a58-bfbe-17df9611f2e5,study-user-05-01,AI_LIGHT,,2026-03-19T10:07:06.603Z,but its ok i think,ask,0.5,server-classifier,False,auto,pragmatic-advisor,No strong research signal detected; defaulting to assistant mode.,False,False
1,1/5 ai light/session-study-team-05-timeline.json,study-team-05,0f54578d-f9a0-4a58-bfbe-17df9611f2e5,study-user-05-02,AI_LIGHT,,2026-03-19T10:07:19.857Z,ok we can just use our own headphone mics ig,ask,1,manual-override,True,ask,pragmatic-advisor,Manual override selected by user.,False,False
1,1/5 ai light/session-study-team-05-timeline.json,study-team-05,0f54578d-f9a0-4a58-bfbe-17df9611f2e5,study-user-05-02,AI_LIGHT,,2026-03-19T10:07:46.126Z,"@agent make us a timeline of when we need to record, edit and publish each week",ask,1,manual-override,True,ask,pragmatic-advisor,Manual override selected by user.,False,False
1,1/5 ai light/session-study-team-05-timeline.json,study-team-05,0f54578d-f9a0-4a58-bfbe-17df9611f2e5,study-user-05-02,AI_LIGHT,,2026-03-19T10:09:36.819Z,@sam what do you think,ask,1,manual-override,True,ask,pragmatic-advisor,Manual override selected by user.,False,False
1,1/5 ai light/session-study-team-05-timeline.json,study-team-05,0f54578d-f9a0-4a58-bfbe-17df9611f2e5,study-user-05-01,AI_LIGHT,,2026-03-19T10:10:19.555Z,i think this sounds good,ask,0.5,server-classifier,False,auto,pragmatic-advisor,No strong research signal detected; defaulting to assistant mode.,False,False
1,1/5 ai light/session-study-team-05-timeline.json,study-team-05,0f54578d-f9a0-4a58-bfbe-17df9611f2e5,study-user-05-02,AI_LIGHT,,2026-03-19T10:10:21.947Z,should we come up with a script for htis,ask,1,manual-override,True,ask,pragmatic-advisor,Manual override selected by user.,False,False
1,1/5 ai light/session-study-team-05-timeline.json,study-team-05,0f54578d-f9a0-4a58-bfbe-17df9611f2e5,study-user-05-01,AI_LIGHT,,2026-03-19T10:10:25.708Z,what should our first topic be,ask,0.5,server-classifier,False,auto,pragmatic-advisor,No strong research signal detected; defaulting to assistant mode.,False,False
1,1/5 ai light/session-study-team-05-timeline.json,study-team-05,0f54578d-f9a0-4a58-bfbe-17df9611f2e5,study-user-05-02,AI_LIGHT,,2026-03-19T10:10:28.526Z,kd files,ask,1,manual-override,True,ask,pragmatic-advisor,Manual override selected by user.,False,False
1,1/5 ai light/session-study-team-05-timeline.json,study-team-05,0f54578d-f9a0-4a58-bfbe-17df9611f2e5,study-user-05-01,AI_LIGHT,,2026-03-19T10:10:33.181Z,@agent what do you think,ask,1,server-classifier,False,auto,pragmatic-advisor,Direct @agent mention should route to conversational assistant mode.,False,False
1,1/5 ai light/session-study-team-05-timeline.json,study-team-05,0f54578d-f9a0-4a58-bfbe-17df9611f2e5,study-user-05-01,AI_LIGHT,,2026-03-19T10:11:28.895Z,"im referring to the kevin durant files, a currently trending topic in the basketball scene @agent",ask,1,server-classifier,False,auto,pragmatic-advisor,Direct @agent mention should route to conversational assistant mode.,False,False
1,1/5 ai light/session-study-team-05-timeline.json,study-team-05,0f54578d-f9a0-4a58-bfbe-17df9611f2e5,study-user-05-02,AI_LIGHT,,2026-03-19T10:14:16.824Z,@agent summarise our podcast plan,ask,1,manual-override,True,ask,pragmatic-advisor,Manual override selected by user.,False,False
2,2/1 willson/session-study-team-01-timeline.json,study-team-01,bcc50e9e-16fe-41e4-83a9-427dc9fea108,study-user-01,AI_ON,AB,2026-03-25T07:25:09.611Z,@agent write jokes,ask,1,server-classifier,False,auto,pragmatic-advisor,Direct @agent mention should route to conversational assistant mode.,False,False
2,2/1 willson/session-study-team-01-timeline.json,study-team-01,bcc50e9e-16fe-41e4-83a9-427dc9fea108,study-user-01,AI_ON,AB,2026-03-25T07:25:32.749Z,hi team,ask,0.5,server-classifier,False,auto,pragmatic-advisor,No strong research signal detected; defaulting to assistant mode.,False,False
2,2/1 willson/session-study-team-01-timeline.json,study-team-01,bcc50e9e-16fe-41e4-83a9-427dc9fea108,study-user-01,AI_ON,AB,2026-03-25T07:25:32.749Z,hi teamwhere is everythone,ask,0.5,server-classifier,False,auto,pragmatic-advisor,No strong research signal detected; defaulting to assistant mode.,False,False
2,2/1 willson/session-study-team-01-timeline.json,study-team-01,bcc50e9e-16fe-41e4-83a9-427dc9fea108,study-user-01,AI_ON,AB,2026-03-25T07:25:32.749Z,asd,ask,0.2,server-classifier,False,auto,pragmatic-advisor,Single-word non-explicit input stays in ask mode.,False,False
2,2/1 willson/session-study-team-01-timeline.json,study-team-01,bcc50e9e-16fe-41e4-83a9-427dc9fea108,study-user-01,AI_ON,AB,2026-03-25T07:25:32.838Z,asdd,ask,0.2,server-classifier,False,auto,pragmatic-advisor,Single-word non-explicit input stays in ask mode.,False,False
2,2/1 willson/session-study-team-01-timeline.json,study-team-01,bcc50e9e-16fe-41e4-83a9-427dc9fea108,study-user-01,AI_ON,AB,2026-03-25T07:25:32.963Z,asddasd,ask,0.2,server-classifier,False,auto,pragmatic-advisor,Single-word non-explicit input stays in ask mode.,False,False
2,2/1 willson/session-study-team-01-timeline.json,study-team-01,bcc50e9e-16fe-41e4-83a9-427dc9fea108,study-user-01,AI_ON,AB,2026-03-25T07:25:32.963Z,asddasdsad,ask,0.2,server-classifier,False,auto,pragmatic-advisor,Single-word non-explicit input stays in ask mode.,False,False
2,2/1 willson/session-study-team-01-timeline.json,study-team-01,bcc50e9e-16fe-41e4-83a9-427dc9fea108,study-user-01,AI_ON,AB,2026-03-25T07:25:36.805Z,d,ask,0.2,server-classifier,False,auto,pragmatic-advisor,Single-word non-explicit input stays in ask mode.,False,False
2,2/1 willson/session-study-team-01-timeline.json,study-team-01,bcc50e9e-16fe-41e4-83a9-427dc9fea108,study-user-01,AI_ON,AB,2026-03-25T07:25:36.805Z,d,ask,0.2,server-classifier,False,auto,pragmatic-advisor,Single-word non-explicit input stays in ask mode.,False,False
2,2/1 willson/session-study-team-01-timeline.json,study-team-01,bcc50e9e-16fe-41e4-83a9-427dc9fea108,study-user-01,AI_ON,AB,2026-03-25T07:25:36.805Z,dsd,ask,0.2,server-classifier,False,auto,pragmatic-advisor,Single-word non-explicit input stays in ask mode.,False,False
2,2/1 willson/session-study-team-01-timeline.json,study-team-01,bcc50e9e-16fe-41e4-83a9-427dc9fea108,study-user-01,AI_ON,AB,2026-03-25T07:25:36.805Z,d,ask,0.2,server-classifier,False,auto,pragmatic-advisor,Single-word non-explicit input stays in ask mode.,False,False
2,2/1 willson/session-study-team-01-timeline.json,study-team-01,bcc50e9e-16fe-41e4-83a9-427dc9fea108,study-user-01,AI_ON,AB,2026-03-25T07:25:36.805Z,dsd,ask,0.2,server-classifier,False,auto,pragmatic-advisor,Single-word non-explicit input stays in ask mode.,False,False
2,2/1 willson/session-study-team-01-timeline.json,study-team-01,bcc50e9e-16fe-41e4-83a9-427dc9fea108,study-user-01,AI_ON,AB,2026-03-25T07:25:36.805Z,da,ask,0.2,server-classifier,False,auto,pragmatic-advisor,Single-word non-explicit input stays in ask mode.,False,False
2,2/1 willson/session-study-team-01-timeline.json,study-team-01,bcc50e9e-16fe-41e4-83a9-427dc9fea108,study-user-01,AI_ON,AB,2026-03-25T07:25:41.393Z,/baddie,ask,0.2,server-classifier,False,auto,pragmatic-advisor,Single-word non-explicit input stays in ask mode.,True,False
2,2/1 willson/session-study-team-01-timeline.json,study-team-01,bcc50e9e-16fe-41e4-83a9-427dc9fea108,study-user-01,AI_ON,AB,2026-03-25T07:25:50.419Z,i want to eat lunch,ask,0.5,server-classifier,False,auto,pragmatic-advisor,No strong research signal detected; defaulting to assistant mode.,False,False
2,2/1 willson/session-study-team-01-timeline.json,study-team-01,bcc50e9e-16fe-41e4-83a9-427dc9fea108,study-user-01,AI_ON,AB,2026-03-25T07:25:50.419Z,hungry sia,ask,0.5,server-classifier,False,auto,pragmatic-advisor,No strong research signal detected; defaulting to assistant mode.,False,False
2,2/1 willson/session-study-team-01-timeline.json,study-team-01,bcc50e9e-16fe-41e4-83a9-427dc9fea108,study-user-01,AI_ON,AB,2026-03-25T07:25:50.419Z,jk,ask,0.2,server-classifier,False,auto,pragmatic-advisor,Single-word non-explicit input stays in ask mode.,False,False
2,2/1 willson/session-study-team-01-timeline.json,study-team-01,bcc50e9e-16fe-41e4-83a9-427dc9fea108,study-user-01,AI_ON,AB,2026-03-25T07:26:20.124Z,show me food,ask,0.5,server-classifier,False,auto,pragmatic-advisor,No strong research signal detected; defaulting to assistant mode.,False,False
2,2/1 willson/session-study-team-01-timeline.json,study-team-01,bcc50e9e-16fe-41e4-83a9-427dc9fea108,study-user-01,AI_ON,AB,2026-03-25T07:26:28.331Z,hi chatbot,ask,0.5,server-classifier,False,auto,pragmatic-advisor,No strong research signal detected; defaulting to assistant mode.,False,False
2,2/1 willson/session-study-team-01-timeline.json,study-team-01,bcc50e9e-16fe-41e4-83a9-427dc9fea108,study-user-01,AI_ON,AB,2026-03-25T07:26:37.358Z,agent if youre there say ih,ask,0.5,server-classifier,False,auto,pragmatic-advisor,No strong research signal detected; defaulting to assistant mode.,False,False
2,2/1 willson/session-study-team-01-timeline.json,study-team-01,bcc50e9e-16fe-41e4-83a9-427dc9fea108,study-user-01,AI_ON,AB,2026-03-25T07:26:44.007Z,say hi please,ask,1,manual-override,True,ask,pragmatic-advisor,Manual override selected by user.,False,False
2,2/1 willson/session-study-team-01-timeline.json,study-team-01,bcc50e9e-16fe-41e4-83a9-427dc9fea108,study-user-01,AI_ON,AB,2026-03-25T07:26:53.535Z,find food near me,research,1,manual-override,True,research,research-analyst,Manual override selected by user.,False,False
2,2/1 willson/session-study-team-01-timeline.json,study-team-01,bcc50e9e-16fe-41e4-83a9-427dc9fea108,study-user-01,AI_ON,AB,2026-03-25T07:28:01.694Z,tell me about today's weather in singapore,ask,1,manual-override,True,action,execution-coach,Deterministic action category selected.,False,False
2,2/1 willson/session-study-team-01-timeline.json,study-team-01,bcc50e9e-16fe-41e4-83a9-427dc9fea108,study-user-01,AI_ON,AB,2026-03-25T07:28:51.515Z,settle all the action items,ask,1,manual-override,True,ask,pragmatic-advisor,Manual override selected by user.,False,False
2,2/1 willson/session-study-team-01-timeline.json,study-team-01,bcc50e9e-16fe-41e4-83a9-427dc9fea108,study-user-01,AI_ON,AB,2026-03-25T07:29:25.158Z,tell me you love me,ask,1,manual-override,True,ask,pragmatic-advisor,Manual override selected by user.,False,False
2,2/1 willson/session-study-team-01-timeline.json,study-team-01,bcc50e9e-16fe-41e4-83a9-427dc9fea108,study-user-01,AI_ON,AB,2026-03-25T07:30:03.901Z,where should i eat for lunch?,ask,1,manual-override,True,suggestion,pragmatic-advisor,Deterministic suggestion category selected.,False,False
2,2/1 willson/session-study-team-01-timeline.json,study-team-01,bcc50e9e-16fe-41e4-83a9-427dc9fea108,study-user-01,AI_ON,AB,2026-03-25T07:37:26.983Z,"okay i need to write the intro of this report

the env topic i wanna talk about is the rise in natural disasters globally
scope it down i guess",ask,1,manual-override,True,ask,pragmatic-advisor,Manual override selected by user.,False,False
2,2/1 willson/session-study-team-01-timeline.json,study-team-01,bcc50e9e-16fe-41e4-83a9-427dc9fea108,study-user-01,AI_ON,AB,2026-03-25T08:05:02.793Z,"okay i need to write the intro of this report

the env topic i wanna talk about is the rise in natural disasters globally
scope it down i guess",ask,1,manual-override,True,ask,pragmatic-advisor,Manual override selected by user.,False,False
2,2/1 willson/session-study-team-01-timeline.json,study-team-01,bcc50e9e-16fe-41e4-83a9-427dc9fea108,study-user-01,AI_ON,AB,2026-03-25T08:05:36.819Z,okay let's work on hurricanes,ask,1,manual-override,True,ask,pragmatic-advisor,Manual override selected by user.,False,False
2,2/1 willson/session-study-team-01-timeline.json,study-team-01,bcc50e9e-16fe-41e4-83a9-427dc9fea108,study-user-01,AI_ON,AB,2026-03-25T08:06:08.512Z,"okay that looks really good actually
lets add some stats",research,1,manual-override,True,research,research-analyst,Manual override selected by user.,False,False
2,2/1 willson/session-study-team-01-timeline.json,study-team-01,bcc50e9e-16fe-41e4-83a9-427dc9fea108,study-user-01,AI_ON,AB,2026-03-25T08:06:39.641Z,okay summarise those stats and add it to the intro,ask,1,manual-override,True,summary,decision-brief,Deterministic summary category selected.,False,False
2,2/1 willson/session-study-team-01-timeline.json,study-team-01,bcc50e9e-16fe-41e4-83a9-427dc9fea108,study-user-01,AI_ON,AB,2026-03-25T08:07:03.418Z,okay summarise those stats and add it to the intro,ask,1,manual-override,True,ask,pragmatic-advisor,Manual override selected by user.,False,False
2,2/1 willson/session-study-team-01-timeline.json,study-team-01,bcc50e9e-16fe-41e4-83a9-427dc9fea108,study-user-01,AI_ON,AB,2026-03-25T08:07:49.952Z,okay err rupdate my intro please,ask,1,manual-override,True,ask,pragmatic-advisor,Manual override selected by user.,False,False
2,2/2 aly/session-study-team-02-timeline.json,study-team-02,session-1774423145554-io7twprp,study-user-02,AI_ON,AB,2026-03-25T07:25:21.779Z,how to run an independent samples t test,research,1,manual-override,True,research,research-analyst,Manual override selected by user.,False,False
2,2/2 aly/session-study-team-02-timeline.json,study-team-02,session-1774423145554-io7twprp,study-user-02,AI_ON,AB,2026-03-25T07:26:21.600Z,tell me a joke,ask,1,manual-override,True,action,execution-coach,Deterministic action category selected.,False,False
2,2/2 aly/session-study-team-02-timeline.json,study-team-02,session-1774423145554-io7twprp,study-user-02,AI_ON,AB,2026-03-25T07:26:57.134Z,what is actions,ask,1,manual-override,True,suggestion,pragmatic-advisor,Deterministic suggestion category selected.,False,False
2,2/2 aly/session-study-team-02-timeline.json,study-team-02,session-1774423145554-io7twprp,study-user-02,AI_ON,AB,2026-03-25T07:28:50.739Z,"what is a good anniversary present for my boyfriend of 3 years. he likes hockey, hot sauce, cats, and video games. i love him very much hehe",ask,1,manual-override,True,ask,pragmatic-advisor,Manual override selected by user.,False,False
2,2/2 aly/session-study-team-02-timeline.json,study-team-02,session-1774423145554-io7twprp,study-user-02,AI_ON,AB,2026-03-25T07:37:08.125Z,what are some cultural issues in singapore related to identity,research,1,manual-override,True,research,research-analyst,Manual override selected by user.,False,False
2,2/2 aly/session-study-team-02-timeline.json,study-team-02,session-1774423145554-io7twprp,study-user-02,AI_ON,AB,2026-03-25T07:38:08.735Z,i want to focus on government policies and how they influence the individual's perception of their identity. give me some papers that highlight this,research,1,manual-override,True,research,research-analyst,Manual override selected by user.,False,False
2,2/2 aly/session-study-team-02-timeline.json,study-team-02,session-1774423145554-io7twprp,study-user-02,AI_ON,AB,2026-03-25T07:39:26.977Z,i want to focus on government policies and how they influence the individual's perception of their identity. give me some papers that highlight this,research,1,manual-override,True,research,research-analyst,Manual override selected by user.,False,False
2,2/2 aly/session-study-team-02-timeline.json,study-team-02,session-1774423145554-io7twprp,study-user-02,AI_ON,AB,2026-03-25T08:04:35.085Z,i want to focus on government policies and how they influence the individual's perception of their identity. give me some papers that highlight this,research,1,manual-override,True,research,research-analyst,Manual override selected by user.,False,False
2,2/2 aly/session-study-team-02-timeline.json,study-team-02,session-1774423145554-io7twprp,study-user-02,AI_ON,AB,2026-03-25T08:06:42.946Z,draft a good introduction for a research paper exploring this topic,ask,1,manual-override,True,ask,pragmatic-advisor,Manual override selected by user.,False,False
2,2/2 aly/session-study-team-02-timeline.json,study-team-02,session-1774423145554-io7twprp,study-user-02,AI_ON,AB,2026-03-25T08:07:04.846Z,draft a study design to investigate the effects of government policies on individual identity and self-perception,ask,1,manual-override,True,ask,pragmatic-advisor,Manual override selected by user.,False,False
2,2/3 roys/session-study-team-03-timeline.json,study-team-03,session-1774423176213-g9a2idqc,study-user-03,AI_ON,AB,2026-03-25T07:26:26.507Z,what are the best university majors to take in 2026?,ask,1,manual-override,True,ask,pragmatic-advisor,Manual override selected by user.,False,False
2,2/3 roys/session-study-team-03-timeline.json,study-team-03,session-1774423176213-g9a2idqc,study-user-03,AI_ON,AB,2026-03-25T07:27:19.495Z,what should i eat for dinner,ask,1,manual-override,True,ask,pragmatic-advisor,Manual override selected by user.,False,False
2,2/3 roys/session-study-team-03-timeline.json,study-team-03,session-1774423176213-g9a2idqc,study-user-03,AI_ON,AB,2026-03-25T07:28:32.169Z,what are the advantages of an AI powered collaborative workspace?,ask,1,manual-override,True,ask,pragmatic-advisor,Manual override selected by user.,False,False
2,2/3 roys/session-study-team-03-timeline.json,study-team-03,session-1774423176213-g9a2idqc,study-user-03,AI_ON,AB,2026-03-25T07:37:24.895Z,what are some research topics on singapore's environmental change that would be interesting for a university research project?,research,1,manual-override,True,research,research-analyst,Manual override selected by user.,False,False
2,2/3 roys/session-study-team-03-timeline.json,study-team-03,session-1774423176213-g9a2idqc,study-user-03,AI_ON,AB,2026-03-25T08:05:08.031Z,what are some research topics on singapore's environmental change that would be interesting for a university research project?,research,1,manual-override,True,research,research-analyst,Manual override selected by user.,False,False
2,2/3 roys/session-study-team-03-timeline.json,study-team-03,session-1774423176213-g9a2idqc,study-user-03,AI_ON,AB,2026-03-25T08:08:06.964Z,"using examples, illustrate how have human activities and climate change affected singapore's coastal ecosystems?",research,1,manual-override,True,research,research-analyst,Manual override selected by user.,False,False
2,2/4 ai on/session-study-team-04-timeline.json,study-team-04,bcc50e9e-16fe-41e4-83a9-427dc9fea108,study-user-02,AI_ON,AB,2026-03-25T08:15:24.967Z,hi royston,ask,1,manual-override,True,ask,pragmatic-advisor,Manual override selected by user.,False,False
2,2/4 ai on/session-study-team-04-timeline.json,study-team-04,bcc50e9e-16fe-41e4-83a9-427dc9fea108,study-user-02,AI_ON,AB,2026-03-25T08:15:40.627Z,hi royston,ask,0.5,server-classifier,False,auto,pragmatic-advisor,No strong research signal detected; defaulting to assistant mode.,False,False
2,2/4 ai on/session-study-team-04-timeline.json,study-team-04,bcc50e9e-16fe-41e4-83a9-427dc9fea108,study-user-02,AI_ON,AB,2026-03-25T08:15:40.627Z,lololol,ask,0.2,server-classifier,False,auto,pragmatic-advisor,Single-word non-explicit input stays in ask mode.,False,False
2,2/4 ai on/session-study-team-04-timeline.json,study-team-04,bcc50e9e-16fe-41e4-83a9-427dc9fea108,study-user-02,AI_ON,AB,2026-03-25T08:15:58.585Z,i want enough space for my own study desk,ask,0.5,server-classifier,False,auto,pragmatic-advisor,No strong research signal detected; defaulting to assistant mode.,False,False
2,2/4 ai on/session-study-team-04-timeline.json,study-team-04,bcc50e9e-16fe-41e4-83a9-427dc9fea108,study-user-02,AI_ON,AB,2026-03-25T08:16:07.416Z,and a nice closet for all my clothes and shoes i have a lot,ask,0.5,server-classifier,False,auto,pragmatic-advisor,No strong research signal detected; defaulting to assistant mode.,False,False
2,2/4 ai on/session-study-team-04-timeline.json,study-team-04,bcc50e9e-16fe-41e4-83a9-427dc9fea108,study-user-02,AI_ON,AB,2026-03-25T08:16:14.425Z,and a gym,ask,0.5,server-classifier,False,auto,pragmatic-advisor,No strong research signal detected; defaulting to assistant mode.,False,False
2,2/4 ai on/session-study-team-04-timeline.json,study-team-04,bcc50e9e-16fe-41e4-83a9-427dc9fea108,study-user-02,AI_ON,AB,2026-03-25T08:16:14.425Z,need a gym,ask,0.5,server-classifier,False,auto,pragmatic-advisor,No strong research signal detected; defaulting to assistant mode.,False,False
2,2/4 ai on/session-study-team-04-timeline.json,study-team-04,bcc50e9e-16fe-41e4-83a9-427dc9fea108,study-user-02,AI_ON,AB,2026-03-25T08:16:20.180Z,so i dont get fat,ask,0.5,server-classifier,False,auto,pragmatic-advisor,No strong research signal detected; defaulting to assistant mode.,False,False
2,2/4 ai on/session-study-team-04-timeline.json,study-team-04,bcc50e9e-16fe-41e4-83a9-427dc9fea108,study-user-02,AI_ON,AB,2026-03-25T08:16:35.574Z,i want to stay in the east/central,ask,0.5,server-classifier,False,auto,pragmatic-advisor,No strong research signal detected; defaulting to assistant mode.,False,False
2,2/4 ai on/session-study-team-04-timeline.json,study-team-04,bcc50e9e-16fe-41e4-83a9-427dc9fea108,study-user-02,AI_ON,AB,2026-03-25T08:16:45.759Z,what did we talk about,ask,1,manual-override,True,summary,decision-brief,Deterministic summary category selected.,False,False
2,2/4 ai on/session-study-team-04-timeline.json,study-team-04,bcc50e9e-16fe-41e4-83a9-427dc9fea108,study-user-02,AI_ON,AB,2026-03-25T08:17:00.392Z,based on the summary what is a good place to live in singapore,ask,1,manual-override,True,ask,pragmatic-advisor,Manual override selected by user.,False,False
2,2/4 ai on/session-study-team-04-timeline.json,study-team-04,bcc50e9e-16fe-41e4-83a9-427dc9fea108,study-user-03,AI_ON,AB,2026-03-25T08:17:11.676Z,"three students in singapore need to find a flat to share, with the monthly rent budget of $4000. can you shortlist the 4 best areas in singapore and identify the 5 most important criteria to look out for?",ask,1,manual-override,True,ask,pragmatic-advisor,Manual override selected by user.,False,False
2,2/4 ai on/session-study-team-04-timeline.json,study-team-04,bcc50e9e-16fe-41e4-83a9-427dc9fea108,study-user-02,AI_ON,AB,2026-03-25T08:18:09.316Z,what are the group's non negotiable criteria,ask,1,manual-override,True,ask,pragmatic-advisor,Manual override selected by user.,False,False
2,2/4 ai on/session-study-team-04-timeline.json,study-team-04,bcc50e9e-16fe-41e4-83a9-427dc9fea108,study-user-02,AI_ON,AB,2026-03-25T08:18:56.084Z,what is study participant 03's non negotiables,ask,0.5,server-classifier,False,auto,pragmatic-advisor,No strong research signal detected; defaulting to assistant mode.,False,False
2,2/4 ai on/session-study-team-04-timeline.json,study-team-04,bcc50e9e-16fe-41e4-83a9-427dc9fea108,study-user-03,AI_ON,AB,2026-03-25T08:19:00.134Z,personally i value proximity to public transport,ask,0.5,server-classifier,False,auto,pragmatic-advisor,No strong research signal detected; defaulting to assistant mode.,False,False
2,2/4 ai on/session-study-team-04-timeline.json,study-team-04,bcc50e9e-16fe-41e4-83a9-427dc9fea108,study-user-03,AI_ON,AB,2026-03-25T08:19:04.993Z,i cba walk so far sia,ask,0.5,server-classifier,False,auto,pragmatic-advisor,No strong research signal detected; defaulting to assistant mode.,False,False
2,2/4 ai on/session-study-team-04-timeline.json,study-team-04,bcc50e9e-16fe-41e4-83a9-427dc9fea108,study-user-03,AI_ON,AB,2026-03-25T08:19:04.993Z,kms,ask,0.2,server-classifier,False,auto,pragmatic-advisor,Single-word non-explicit input stays in ask mode.,False,False
2,2/4 ai on/session-study-team-04-timeline.json,study-team-04,bcc50e9e-16fe-41e4-83a9-427dc9fea108,study-user-02,AI_ON,AB,2026-03-25T08:19:08.487Z,real,ask,0.2,server-classifier,False,auto,pragmatic-advisor,Single-word non-explicit input stays in ask mode.,False,False
2,2/4 ai on/session-study-team-04-timeline.json,study-team-04,bcc50e9e-16fe-41e4-83a9-427dc9fea108,study-user-02,AI_ON,AB,2026-03-25T08:19:08.487Z,i agree,ask,0.5,server-classifier,False,auto,pragmatic-advisor,No strong research signal detected; defaulting to assistant mode.,False,False
2,2/4 ai on/session-study-team-04-timeline.json,study-team-04,bcc50e9e-16fe-41e4-83a9-427dc9fea108,study-user-01,AI_ON,AB,2026-03-25T08:19:15.917Z,wtf,ask,1,manual-override,True,ask,pragmatic-advisor,Manual override selected by user.,False,False
2,2/4 ai on/session-study-team-04-timeline.json,study-team-04,bcc50e9e-16fe-41e4-83a9-427dc9fea108,study-user-01,AI_ON,AB,2026-03-25T08:19:34.246Z,guys i need go the west,ask,0.5,server-classifier,False,auto,pragmatic-advisor,No strong research signal detected; defaulting to assistant mode.,False,False
2,2/4 ai on/session-study-team-04-timeline.json,study-team-04,bcc50e9e-16fe-41e4-83a9-427dc9fea108,study-user-02,AI_ON,AB,2026-03-25T08:19:43.431Z,ew,ask,0.2,server-classifier,False,auto,pragmatic-advisor,Single-word non-explicit input stays in ask mode.,False,False
2,2/4 ai on/session-study-team-04-timeline.json,study-team-04,bcc50e9e-16fe-41e4-83a9-427dc9fea108,study-user-01,AI_ON,AB,2026-03-25T08:19:46.411Z,so maybe we can stay more central? if that's oaky?,ask,0.7,server-classifier,False,auto,pragmatic-advisor,General question does not require long-form research output.,False,False
2,2/4 ai on/session-study-team-04-timeline.json,study-team-04,bcc50e9e-16fe-41e4-83a9-427dc9fea108,study-user-02,AI_ON,AB,2026-03-25T08:19:53.368Z,how central is central,ask,0.5,server-classifier,False,auto,pragmatic-advisor,No strong research signal detected; defaulting to assistant mode.,False,False
2,2/4 ai on/session-study-team-04-timeline.json,study-team-04,bcc50e9e-16fe-41e4-83a9-427dc9fea108,study-user-01,AI_ON,AB,2026-03-25T08:19:57.472Z,@agent f*** u,ask,1,server-classifier,False,auto,pragmatic-advisor,Direct @agent mention should route to conversational assistant mode.,False,False
2,2/4 ai on/session-study-team-04-timeline.json,study-team-04,bcc50e9e-16fe-41e4-83a9-427dc9fea108,study-user-03,AI_ON,AB,2026-03-25T08:20:03.955Z,bishan or toa payoh?,ask,0.7,server-classifier,False,auto,pragmatic-advisor,General question does not require long-form research output.,False,False
2,2/4 ai on/session-study-team-04-timeline.json,study-team-04,bcc50e9e-16fe-41e4-83a9-427dc9fea108,study-user-02,AI_ON,AB,2026-03-25T08:20:14.981Z,i like bugis haha,ask,0.5,server-classifier,False,auto,pragmatic-advisor,No strong research signal detected; defaulting to assistant mode.,False,False
2,2/4 ai on/session-study-team-04-timeline.json,study-team-04,bcc50e9e-16fe-41e4-83a9-427dc9fea108,study-user-02,AI_ON,AB,2026-03-25T08:20:14.981Z,what about,ask,0.5,server-classifier,False,auto,pragmatic-advisor,No strong research signal detected; defaulting to assistant mode.,False,False
2,2/4 ai on/session-study-team-04-timeline.json,study-team-04,bcc50e9e-16fe-41e4-83a9-427dc9fea108,study-user-01,AI_ON,AB,2026-03-25T08:20:17.412Z,oh okay bugis actly sounds good sia,ask,0.5,server-classifier,False,auto,pragmatic-advisor,No strong research signal detected; defaulting to assistant mode.,False,False
2,2/4 ai on/session-study-team-04-timeline.json,study-team-04,bcc50e9e-16fe-41e4-83a9-427dc9fea108,study-user-02,AI_ON,AB,2026-03-25T08:20:21.417Z,redhill,ask,0.2,server-classifier,False,auto,pragmatic-advisor,Single-word non-explicit input stays in ask mode.,False,False
2,2/4 ai on/session-study-team-04-timeline.json,study-team-04,bcc50e9e-16fe-41e4-83a9-427dc9fea108,study-user-02,AI_ON,AB,2026-03-25T08:20:21.417Z,or queenstown,ask,0.5,server-classifier,False,auto,pragmatic-advisor,No strong research signal detected; defaulting to assistant mode.,False,False
2,2/4 ai on/session-study-team-04-timeline.json,study-team-04,bcc50e9e-16fe-41e4-83a9-427dc9fea108,study-user-03,AI_ON,AB,2026-03-25T08:20:23.856Z,isnt staying in bugis quite expensive?,ask,1,manual-override,True,ask,pragmatic-advisor,Manual override selected by user.,False,False
2,2/4 ai on/session-study-team-04-timeline.json,study-team-04,bcc50e9e-16fe-41e4-83a9-427dc9fea108,study-user-01,AI_ON,AB,2026-03-25T08:20:25.839Z,flat prices in bugis,research,1,manual-override,True,research,research-analyst,Manual override selected by user.,False,False
2,2/4 ai on/session-study-team-04-timeline.json,study-team-04,bcc50e9e-16fe-41e4-83a9-427dc9fea108,study-user-02,AI_ON,AB,2026-03-25T08:20:44.451Z,flat prices in redhill and queenstown,ask,1,manual-override,True,ask,pragmatic-advisor,Manual override selected by user.,False,False
2,2/4 ai on/session-study-team-04-timeline.json,study-team-04,bcc50e9e-16fe-41e4-83a9-427dc9fea108,study-user-03,AI_ON,AB,2026-03-25T08:20:55.034Z,what types of residences are available in bugis?,ask,1,manual-override,True,ask,pragmatic-advisor,Manual override selected by user.,False,False
2,2/4 ai on/session-study-team-04-timeline.json,study-team-04,bcc50e9e-16fe-41e4-83a9-427dc9fea108,study-user-01,AI_ON,AB,2026-03-25T08:20:57.251Z,find place in bugis,ask,1,manual-override,True,action,execution-coach,Deterministic action category selected.,False,False
2,2/4 ai on/session-study-team-04-timeline.json,study-team-04,bcc50e9e-16fe-41e4-83a9-427dc9fea108,study-user-02,AI_ON,AB,2026-03-25T08:21:30.425Z,what type of residences are there in queenstown,research,1,manual-override,True,research,research-analyst,Manual override selected by user.,False,False
2,2/4 ai on/session-study-team-04-timeline.json,study-team-04,bcc50e9e-16fe-41e4-83a9-427dc9fea108,study-user-03,AI_ON,AB,2026-03-25T08:21:52.869Z,life is sad,ask,0.5,server-classifier,False,auto,pragmatic-advisor,No strong research signal detected; defaulting to assistant mode.,False,False
2,2/4 ai on/session-study-team-04-timeline.json,study-team-04,bcc50e9e-16fe-41e4-83a9-427dc9fea108,study-user-01,AI_ON,AB,2026-03-25T08:22:16.945Z,what are some common amenities renters look for?,ask,1,manual-override,True,suggestion,pragmatic-advisor,Deterministic suggestion category selected.,False,False
2,2/4 ai on/session-study-team-04-timeline.json,study-team-04,bcc50e9e-16fe-41e4-83a9-427dc9fea108,study-user-02,AI_ON,AB,2026-03-25T08:22:21.733Z,what types of residences are there in queenstown,ask,1,manual-override,True,ask,pragmatic-advisor,Manual override selected by user.,False,False
2,2/4 ai on/session-study-team-04-timeline.json,study-team-04,bcc50e9e-16fe-41e4-83a9-427dc9fea108,study-user-02,AI_ON,AB,2026-03-25T08:22:49.566Z,@agent yes,ask,1,manual-override,True,ask,pragmatic-advisor,Manual override selected by user.,False,False
2,2/4 ai on/session-study-team-04-timeline.json,study-team-04,bcc50e9e-16fe-41e4-83a9-427dc9fea108,study-user-02,AI_ON,AB,2026-03-25T08:23:06.283Z,@agent i want specific listings,ask,1,manual-override,True,ask,pragmatic-advisor,Manual override selected by user.,False,False
2,2/4 ai on/session-study-team-04-timeline.json,study-team-04,bcc50e9e-16fe-41e4-83a9-427dc9fea108,study-user-01,AI_ON,AB,2026-03-25T08:25:34.677Z,"with all the info we have, give us 3 possible places to rent",ask,1,manual-override,True,ask,pragmatic-advisor,Manual override selected by user.,False,False
2,2/5 ai light/session-study-team-05-timeline.json,study-team-05,bcc50e9e-16fe-41e4-83a9-427dc9fea108,study-user-03,AI_LIGHT,BA,2026-03-25T08:34:25.598Z,i am your father.,ask,0.5,server-classifier,False,auto,pragmatic-advisor,No strong research signal detected; defaulting to assistant mode.,False,False
2,2/5 ai light/session-study-team-05-timeline.json,study-team-05,bcc50e9e-16fe-41e4-83a9-427dc9fea108,study-user-03,AI_LIGHT,BA,2026-03-25T08:34:47.979Z,i hope someone else wrote that down,ask,0.5,server-classifier,False,auto,pragmatic-advisor,No strong research signal detected; defaulting to assistant mode.,False,False
2,2/5 ai light/session-study-team-05-timeline.json,study-team-05,bcc50e9e-16fe-41e4-83a9-427dc9fea108,study-user-03,AI_LIGHT,BA,2026-03-25T08:34:47.979Z,i forgot everything,ask,0.5,server-classifier,False,auto,pragmatic-advisor,No strong research signal detected; defaulting to assistant mode.,False,False
2,2/5 ai light/session-study-team-05-timeline.json,study-team-05,bcc50e9e-16fe-41e4-83a9-427dc9fea108,study-user-01,AI_LIGHT,BA,2026-03-25T08:34:51.185Z,huh,ask,0.2,server-classifier,False,auto,pragmatic-advisor,Single-word non-explicit input stays in ask mode.,False,False
2,2/5 ai light/session-study-team-05-timeline.json,study-team-05,bcc50e9e-16fe-41e4-83a9-427dc9fea108,study-user-02,AI_LIGHT,BA,2026-03-25T08:35:03.382Z,where do u want to go,ask,0.5,server-classifier,False,auto,pragmatic-advisor,No strong research signal detected; defaulting to assistant mode.,False,False
2,2/5 ai light/session-study-team-05-timeline.json,study-team-05,bcc50e9e-16fe-41e4-83a9-427dc9fea108,study-user-02,AI_LIGHT,BA,2026-03-25T08:35:03.382Z,i want to go to cebu,ask,0.5,server-classifier,False,auto,pragmatic-advisor,No strong research signal detected; defaulting to assistant mode.,False,False
2,2/5 ai light/session-study-team-05-timeline.json,study-team-05,bcc50e9e-16fe-41e4-83a9-427dc9fea108,study-user-01,AI_LIGHT,BA,2026-03-25T08:35:03.390Z,your friend group of 3 wants to plan a trip together,ask,0.5,server-classifier,False,auto,pragmatic-advisor,No strong research signal detected; defaulting to assistant mode.,False,False
2,2/5 ai light/session-study-team-05-timeline.json,study-team-05,bcc50e9e-16fe-41e4-83a9-427dc9fea108,study-user-02,AI_LIGHT,BA,2026-03-25T08:35:10.048Z,and eat lechon,ask,0.5,server-classifier,False,auto,pragmatic-advisor,No strong research signal detected; defaulting to assistant mode.,False,False
2,2/5 ai light/session-study-team-05-timeline.json,study-team-05,bcc50e9e-16fe-41e4-83a9-427dc9fea108,study-user-03,AI_LIGHT,BA,2026-03-25T08:35:14.423Z,friend group of 3 going on a trip on their favourite rocket ship,ask,0.5,server-classifier,False,auto,pragmatic-advisor,No strong research signal detected; defaulting to assistant mode.,False,False
2,2/5 ai light/session-study-team-05-timeline.json,study-team-05,bcc50e9e-16fe-41e4-83a9-427dc9fea108,study-user-02,AI_LIGHT,BA,2026-03-25T08:35:16.694Z,who wants lechon say hell yeah,ask,0.5,server-classifier,False,auto,pragmatic-advisor,No strong research signal detected; defaulting to assistant mode.,False,False
2,2/5 ai light/session-study-team-05-timeline.json,study-team-05,bcc50e9e-16fe-41e4-83a9-427dc9fea108,study-user-01,AI_LIGHT,BA,2026-03-25T08:35:27.310Z,@agent quick vacation destinations for a group of 3,ask,1,server-classifier,False,auto,pragmatic-advisor,Direct @agent mention should route to conversational assistant mode.,False,False
2,2/5 ai light/session-study-team-05-timeline.json,study-team-05,bcc50e9e-16fe-41e4-83a9-427dc9fea108,study-user-02,AI_LIGHT,BA,2026-03-25T08:35:38.709Z,lets gooooooooooooooo,ask,0.5,server-classifier,False,auto,pragmatic-advisor,No strong research signal detected; defaulting to assistant mode.,False,False
2,2/5 ai light/session-study-team-05-timeline.json,study-team-05,bcc50e9e-16fe-41e4-83a9-427dc9fea108,study-user-02,AI_LIGHT,BA,2026-03-25T08:35:38.709Z,i want lechon,ask,0.5,server-classifier,False,auto,pragmatic-advisor,No strong research signal detected; defaulting to assistant mode.,False,False
2,2/5 ai light/session-study-team-05-timeline.json,study-team-05,bcc50e9e-16fe-41e4-83a9-427dc9fea108,study-user-02,AI_LIGHT,BA,2026-03-25T08:35:48.651Z,best lechon in cebu,ask,1,manual-override,True,ask,pragmatic-advisor,Manual override selected by user.,False,False
2,2/5 ai light/session-study-team-05-timeline.json,study-team-05,bcc50e9e-16fe-41e4-83a9-427dc9fea108,study-user-02,AI_LIGHT,BA,2026-03-25T08:36:04.622Z,wah i hungry sia,ask,1,manual-override,True,ask,pragmatic-advisor,Manual override selected by user.,False,False
2,2/5 ai light/session-study-team-05-timeline.json,study-team-05,bcc50e9e-16fe-41e4-83a9-427dc9fea108,study-user-01,AI_LIGHT,BA,2026-03-25T08:36:17.526Z,@agent what can we do in cebu? perhaps give a 5-day plan for 3 people,ask,1,server-classifier,False,auto,pragmatic-advisor,Direct @agent mention should route to conversational assistant mode.,False,False
2,2/5 ai light/session-study-team-05-timeline.json,study-team-05,bcc50e9e-16fe-41e4-83a9-427dc9fea108,study-user-03,AI_LIGHT,BA,2026-03-25T08:36:39.843Z,why do athletes enjoy going to cancun for holiday after they get knocked out from the playoffs?,ask,1,manual-override,True,ask,pragmatic-advisor,Manual override selected by user.,False,False
2,2/5 ai light/session-study-team-05-timeline.json,study-team-05,bcc50e9e-16fe-41e4-83a9-427dc9fea108,study-user-01,AI_LIGHT,BA,2026-03-25T08:36:46.198Z,"@agent show more nature stuffs
also include possible hotels",ask,1,server-classifier,False,auto,pragmatic-advisor,Direct @agent mention should route to conversational assistant mode.,False,False
2,2/5 ai light/session-study-team-05-timeline.json,study-team-05,bcc50e9e-16fe-41e4-83a9-427dc9fea108,study-user-02,AI_LIGHT,BA,2026-03-25T08:36:51.033Z,@agent how expensive is this,ask,1,manual-override,True,ask,pragmatic-advisor,Manual override selected by user.,False,False
2,2/5 ai light/session-study-team-05-timeline.json,study-team-05,bcc50e9e-16fe-41e4-83a9-427dc9fea108,study-user-02,AI_LIGHT,BA,2026-03-25T08:37:30.732Z,i think cebu is good,ask,1,manual-override,True,ask,pragmatic-advisor,Manual override selected by user.,False,False
2,2/5 ai light/session-study-team-05-timeline.json,study-team-05,bcc50e9e-16fe-41e4-83a9-427dc9fea108,study-user-02,AI_LIGHT,BA,2026-03-25T08:37:37.876Z,who else thinks cebu is good,ask,0.5,server-classifier,False,auto,pragmatic-advisor,No strong research signal detected; defaulting to assistant mode.,False,False
2,2/5 ai light/session-study-team-05-timeline.json,study-team-05,bcc50e9e-16fe-41e4-83a9-427dc9fea108,study-user-01,AI_LIGHT,BA,2026-03-25T08:37:38.012Z,sure cebu sounds good,ask,0.5,server-classifier,False,auto,pragmatic-advisor,No strong research signal detected; defaulting to assistant mode.,False,False
2,2/5 ai light/session-study-team-05-timeline.json,study-team-05,bcc50e9e-16fe-41e4-83a9-427dc9fea108,study-user-01,AI_LIGHT,BA,2026-03-25T08:37:38.012Z,let's lcok it in ?,ask,0.7,server-classifier,False,auto,pragmatic-advisor,General question does not require long-form research output.,False,False
2,2/5 ai light/session-study-team-05-timeline.json,study-team-05,bcc50e9e-16fe-41e4-83a9-427dc9fea108,study-user-03,AI_LIGHT,BA,2026-03-25T08:37:51.725Z,i am a locked in alien,ask,0.5,server-classifier,False,auto,pragmatic-advisor,No strong research signal detected; defaulting to assistant mode.,False,False
2,2/5 ai light/session-study-team-05-timeline.json,study-team-05,bcc50e9e-16fe-41e4-83a9-427dc9fea108,study-user-01,AI_LIGHT,BA,2026-03-25T08:38:08.404Z,@agent what are some favmous cebu-nese celebrities?,ask,1,server-classifier,False,auto,pragmatic-advisor,Direct @agent mention should route to conversational assistant mode.,False,False
2,2/5 ai light/session-study-team-05-timeline.json,study-team-05,bcc50e9e-16fe-41e4-83a9-427dc9fea108,study-user-02,AI_LIGHT,BA,2026-03-25T08:38:17.946Z,ANNE CURTISSSS,ask,0.5,server-classifier,False,auto,pragmatic-advisor,No strong research signal detected; defaulting to assistant mode.,False,False
2,2/5 ai light/session-study-team-05-timeline.json,study-team-05,bcc50e9e-16fe-41e4-83a9-427dc9fea108,study-user-02,AI_LIGHT,BA,2026-03-25T08:38:17.946Z,COCO MARTINNNNNNNNN,ask,0.5,server-classifier,False,auto,pragmatic-advisor,No strong research signal detected; defaulting to assistant mode.,False,False
2,2/5 ai light/session-study-team-05-timeline.json,study-team-05,bcc50e9e-16fe-41e4-83a9-427dc9fea108,study-user-01,AI_LIGHT,BA,2026-03-25T08:38:23.583Z,@agent ang serap!,ask,1,server-classifier,False,auto,pragmatic-advisor,Direct @agent mention should route to conversational assistant mode.,False,False
2,2/5 ai light/session-study-team-05-timeline.json,study-team-05,bcc50e9e-16fe-41e4-83a9-427dc9fea108,study-user-02,AI_LIGHT,BA,2026-03-25T08:38:26.540Z,PIA WURTZBACHHHHH,ask,0.5,server-classifier,False,auto,pragmatic-advisor,No strong research signal detected; defaulting to assistant mode.,False,False
2,2/5 ai light/session-study-team-05-timeline.json,study-team-05,bcc50e9e-16fe-41e4-83a9-427dc9fea108,study-user-02,AI_LIGHT,BA,2026-03-25T08:38:34.846Z,SARAH GERONIMO LETS GOOOOOOOOO,ask,0.5,server-classifier,False,auto,pragmatic-advisor,No strong research signal detected; defaulting to assistant mode.,False,False
2,2/5 ai light/session-study-team-05-timeline.json,study-team-05,bcc50e9e-16fe-41e4-83a9-427dc9fea108,study-user-02,AI_LIGHT,BA,2026-03-25T08:38:34.846Z,my childhood,ask,0.5,server-classifier,False,auto,pragmatic-advisor,No strong research signal detected; defaulting to assistant mode.,False,False
2,2/5 ai light/session-study-team-05-timeline.json,study-team-05,bcc50e9e-16fe-41e4-83a9-427dc9fea108,study-user-01,AI_LIGHT,BA,2026-03-25T08:38:44.985Z,@agent i think we're good for now! so give us the final 5-day plan,ask,1,server-classifier,False,auto,pragmatic-advisor,Direct @agent mention should route to conversational assistant mode.,False,False
2,2/5 ai light/session-study-team-05-timeline.json,study-team-05,bcc50e9e-16fe-41e4-83a9-427dc9fea108,study-user-03,AI_LIGHT,BA,2026-03-25T08:39:59.710Z,what are some famous dishes that we must try in cebu?,ask,1,manual-override,True,ask,pragmatic-advisor,Manual override selected by user.,False,False
2,2/5 ai light/session-study-team-05-timeline.json,study-team-05,bcc50e9e-16fe-41e4-83a9-427dc9fea108,study-user-02,AI_LIGHT,BA,2026-03-25T08:40:07.118Z,i got work sia nvm,ask,0.5,server-classifier,False,auto,pragmatic-advisor,No strong research signal detected; defaulting to assistant mode.,False,False
2,2/5 ai light/session-study-team-05-timeline.json,study-team-05,bcc50e9e-16fe-41e4-83a9-427dc9fea108,study-user-01,AI_LIGHT,BA,2026-03-25T08:40:11.932Z,oi fuck u,ask,0.5,server-classifier,False,auto,pragmatic-advisor,No strong research signal detected; defaulting to assistant mode.,False,False
2,2/5 ai light/session-study-team-05-timeline.json,study-team-05,bcc50e9e-16fe-41e4-83a9-427dc9fea108,study-user-02,AI_LIGHT,BA,2026-03-25T08:40:13.752Z,i can only go on the weekend,ask,0.5,server-classifier,False,auto,pragmatic-advisor,No strong research signal detected; defaulting to assistant mode.,False,False
2,2/5 ai light/session-study-team-05-timeline.json,study-team-05,bcc50e9e-16fe-41e4-83a9-427dc9fea108,study-user-02,AI_LIGHT,BA,2026-03-25T08:40:13.752Z,knn,ask,0.2,server-classifier,False,auto,pragmatic-advisor,Single-word non-explicit input stays in ask mode.,False,False
2,2/5 ai light/session-study-team-05-timeline.json,study-team-05,bcc50e9e-16fe-41e4-83a9-427dc9fea108,study-user-01,AI_LIGHT,BA,2026-03-25T08:40:21.961Z,"@agent weekend trip instead
2-days in cebu",ask,1,server-classifier,False,auto,pragmatic-advisor,Direct @agent mention should route to conversational assistant mode.,False,False
2,2/5 ai light/session-study-team-05-timeline.json,study-team-05,bcc50e9e-16fe-41e4-83a9-427dc9fea108,study-user-03,AI_LIGHT,BA,2026-03-25T08:40:27.808Z,putang ina mo,ask,0.5,server-classifier,False,auto,pragmatic-advisor,No strong research signal detected; defaulting to assistant mode.,False,False
2,2/5 ai light/session-study-team-05-timeline.json,study-team-05,bcc50e9e-16fe-41e4-83a9-427dc9fea108,study-user-03,AI_LIGHT,BA,2026-03-25T08:40:43.141Z,lets go to the Putang Ina Mall,ask,0.5,server-classifier,False,auto,pragmatic-advisor,No strong research signal detected; defaulting to assistant mode.,False,False
2,2/5 ai light/session-study-team-05-timeline.json,study-team-05,bcc50e9e-16fe-41e4-83a9-427dc9fea108,study-user-01,AI_LIGHT,BA,2026-03-25T08:40:56.012Z,i think cebu might be a bit far,ask,0.5,server-classifier,False,auto,pragmatic-advisor,No strong research signal detected; defaulting to assistant mode.,False,False
2,2/5 ai light/session-study-team-05-timeline.json,study-team-05,bcc50e9e-16fe-41e4-83a9-427dc9fea108,study-user-01,AI_LIGHT,BA,2026-03-25T08:41:03.735Z,lt's just go to coney island,ask,0.5,server-classifier,False,auto,pragmatic-advisor,No strong research signal detected; defaulting to assistant mode.,False,False
2,2/5 ai light/session-study-team-05-timeline.json,study-team-05,bcc50e9e-16fe-41e4-83a9-427dc9fea108,study-user-01,AI_LIGHT,BA,2026-03-25T08:41:12.898Z,malaysia,ask,0.2,server-classifier,False,auto,pragmatic-advisor,Single-word non-explicit input stays in ask mode.,False,False
2,2/5 ai light/session-study-team-05-timeline.json,study-team-05,bcc50e9e-16fe-41e4-83a9-427dc9fea108,study-user-03,AI_LIGHT,BA,2026-03-25T08:41:14.777Z,lets just do a chalet at east coast or something,ask,0.5,server-classifier,False,auto,pragmatic-advisor,No strong research signal detected; defaulting to assistant mode.,False,False
2,2/5 ai light/session-study-team-05-timeline.json,study-team-05,bcc50e9e-16fe-41e4-83a9-427dc9fea108,study-user-02,AI_LIGHT,BA,2026-03-25T08:41:22.960Z,so boring,ask,0.5,server-classifier,False,auto,pragmatic-advisor,No strong research signal detected; defaulting to assistant mode.,False,False
2,2/5 ai light/session-study-team-05-timeline.json,study-team-05,bcc50e9e-16fe-41e4-83a9-427dc9fea108,study-user-01,AI_LIGHT,BA,2026-03-25T08:41:24.919Z,shalet,ask,0.2,server-classifier,False,auto,pragmatic-advisor,Single-word non-explicit input stays in ask mode.,False,False
2,2/5 ai light/session-study-team-05-timeline.json,study-team-05,bcc50e9e-16fe-41e4-83a9-427dc9fea108,study-user-01,AI_LIGHT,BA,2026-03-25T08:41:24.919Z,shallot,ask,0.2,server-classifier,False,auto,pragmatic-advisor,Single-word non-explicit input stays in ask mode.,False,False
2,2/5 ai light/session-study-team-05-timeline.json,study-team-05,bcc50e9e-16fe-41e4-83a9-427dc9fea108,study-user-02,AI_LIGHT,BA,2026-03-25T08:41:30.969Z,want to leave the country,ask,0.5,server-classifier,False,auto,pragmatic-advisor,No strong research signal detected; defaulting to assistant mode.,False,False
2,2/5 ai light/session-study-team-05-timeline.json,study-team-05,bcc50e9e-16fe-41e4-83a9-427dc9fea108,study-user-02,AI_LIGHT,BA,2026-03-25T08:41:36.255Z,timothy chalet,ask,0.5,server-classifier,False,auto,pragmatic-advisor,No strong research signal detected; defaulting to assistant mode.,False,False
2,2/5 ai light/session-study-team-05-timeline.json,study-team-05,bcc50e9e-16fe-41e4-83a9-427dc9fea108,study-user-01,AI_LIGHT,BA,2026-03-25T08:41:44.420Z,pasir ris is far enough,ask,0.5,server-classifier,False,auto,pragmatic-advisor,No strong research signal detected; defaulting to assistant mode.,False,False
2,2/5 ai light/session-study-team-05-timeline.json,study-team-05,bcc50e9e-16fe-41e4-83a9-427dc9fea108,study-user-02,AI_LIGHT,BA,2026-03-25T08:41:58.715Z,cheap weekend tri[ to go outside singapore for fun vacation,ask,1,manual-override,True,ask,pragmatic-advisor,Manual override selected by user.,False,False
2,2/5 ai light/session-study-team-05-timeline.json,study-team-05,bcc50e9e-16fe-41e4-83a9-427dc9fea108,study-user-01,AI_LIGHT,BA,2026-03-25T08:42:28.623Z,hey JB sounds good,ask,0.5,server-classifier,False,auto,pragmatic-advisor,No strong research signal detected; defaulting to assistant mode.,False,False
2,2/5 ai light/session-study-team-05-timeline.json,study-team-05,bcc50e9e-16fe-41e4-83a9-427dc9fea108,study-user-02,AI_LIGHT,BA,2026-03-25T08:42:30.928Z,what to do in jb,ask,1,manual-override,True,ask,pragmatic-advisor,Manual override selected by user.,False,False
2,2/5 ai light/session-study-team-05-timeline.json,study-team-05,bcc50e9e-16fe-41e4-83a9-427dc9fea108,study-user-01,AI_LIGHT,BA,2026-03-25T08:42:34.346Z,"@agent jb 2-day trip
sex ?",ask,1,server-classifier,False,auto,pragmatic-advisor,Direct @agent mention should route to conversational assistant mode.,False,False
2,2/5 ai light/session-study-team-05-timeline.json,study-team-05,bcc50e9e-16fe-41e4-83a9-427dc9fea108,study-user-01,AI_LIGHT,BA,2026-03-25T08:42:58.834Z,"@agent okay sounds good
lgive us a 2-day plan, adding food, nightlife, hotels",ask,1,server-classifier,False,auto,pragmatic-advisor,Direct @agent mention should route to conversational assistant mode.,False,False
2,2/5 ai light/session-study-team-05-timeline.json,study-team-05,bcc50e9e-16fe-41e4-83a9-427dc9fea108,study-user-01,AI_LIGHT,BA,2026-03-25T08:43:30.568Z,@agent 21 guns,ask,1,server-classifier,False,auto,pragmatic-advisor,Direct @agent mention should route to conversational assistant mode.,False,False
2,2/5 ai light/session-study-team-05-timeline.json,study-team-05,bcc50e9e-16fe-41e4-83a9-427dc9fea108,study-user-03,AI_LIGHT,BA,2026-03-25T08:43:37.850Z,is the hello kitty town in johor still operating?,ask,1,manual-override,True,ask,pragmatic-advisor,Manual override selected by user.,False,False
2,2/5 ai light/session-study-team-05-timeline.json,study-team-05,bcc50e9e-16fe-41e4-83a9-427dc9fea108,study-user-02,AI_LIGHT,BA,2026-03-25T08:43:40.600Z,@agent yes,ask,1,manual-override,True,ask,pragmatic-advisor,Manual override selected by user.,False,False
3,3/1 aung/session-study-team-01-timeline.json,study-team-01,session-1774510353943-xxpeb11f,study-user-01,AI_ON,AB,2026-03-26T07:50:48.212Z,@agent thanks!,ask,1,manual-override,True,ask,pragmatic-advisor,Manual override selected by user.,False,False
3,3/1 aung/session-study-team-01-timeline.json,study-team-01,session-1774510353943-xxpeb11f,study-user-01,AI_ON,AB,2026-03-26T07:52:29.434Z,"@agent I am doing a project on a creative medium to talk about cinema and films in 2020s, what are some creative medium i can explore this topic for a student project.",ask,1,manual-override,True,ask,pragmatic-advisor,Manual override selected by user.,False,False
3,3/1 aung/session-study-team-01-timeline.json,study-team-01,session-1774510353943-xxpeb11f,study-user-01,AI_ON,AB,2026-03-26T07:53:20.544Z,"I would want to do 4. Interactive Website, can you give me good examples of it relating to my topic?",ask,1,manual-override,True,ask,pragmatic-advisor,Manual override selected by user.,False,False
3,3/1 aung/session-study-team-01-timeline.json,study-team-01,session-1774510353943-xxpeb11f,study-user-01,AI_ON,AB,2026-03-26T07:54:38.219Z,"@agent Based on these 4 examples, what is the usual structure of the website",research,1,manual-override,True,research,research-analyst,Manual override selected by user.,False,False
3,3/1 aung/session-study-team-01-timeline.json,study-team-01,session-1774510353943-xxpeb11f,study-user-01,AI_ON,AB,2026-03-26T07:55:05.476Z,can you make a wireframe of the example structure?,ask,1,manual-override,True,action,execution-coach,Deterministic action category selected.,False,False
3,3/1 aung/session-study-team-01-timeline.json,study-team-01,session-1774510353943-xxpeb11f,study-user-01,AI_ON,AB,2026-03-26T07:56:05.014Z,@agent What are the components I should prepare to design a homepage,ask,1,manual-override,True,ask,pragmatic-advisor,Manual override selected by user.,False,False
3,3/1 aung/session-study-team-01-timeline.json,study-team-01,session-1774510353943-xxpeb11f,study-user-01,AI_ON,AB,2026-03-26T07:58:59.742Z,What are some softwares I can use to make this?,ask,1,manual-override,True,suggestion,pragmatic-advisor,Deterministic suggestion category selected.,False,False
3,3/1 aung/session-study-team-01-timeline.json,study-team-01,session-1774510353943-xxpeb11f,study-user-01,AI_ON,AB,2026-03-26T08:00:21.665Z,what are some websites I can look into to do this task,ask,1,manual-override,True,suggestion,pragmatic-advisor,Deterministic suggestion category selected.,False,False
3,3/1 aung/session-study-team-01-timeline.json,study-team-01,session-1774510353943-xxpeb11f,study-user-01,AI_ON,AB,2026-03-26T08:01:08.009Z,How can I go about it,ask,1,manual-override,True,suggestion,pragmatic-advisor,Deterministic suggestion category selected.,False,False
3,3/1 aung/session-study-team-01-timeline.json,study-team-01,session-1774510353943-xxpeb11f,study-user-01,AI_ON,AB,2026-03-26T08:01:50.564Z,hi,ask,0.2,server-classifier,False,auto,pragmatic-advisor,Single-word non-explicit input stays in ask mode.,False,False
3,3/1 aung/session-study-team-01-timeline.json,study-team-01,session-1774510353943-xxpeb11f,study-user-01,AI_ON,AB,2026-03-26T08:03:57.710Z,what are some specific movies I should look into,research,1,manual-override,True,research,research-analyst,Manual override selected by user.,False,False
3,3/2 shanyl/session-study-team-02-timeline.json,study-team-02,session-1774510800830-3fyb8bt0,study-user-02,AI_ON,AB,2026-03-26T07:50:43.913Z,Provide me some examples of great student short films,research,1,manual-override,True,research,research-analyst,Manual override selected by user.,False,False
3,3/2 shanyl/session-study-team-02-timeline.json,study-team-02,session-1774510800830-3fyb8bt0,study-user-02,AI_ON,AB,2026-03-26T07:53:54.707Z,"I have 3 team members, and we need to assign some roles for this project. Help us come up with a fair role assignment, and how we should break this project down.",ask,1,manual-override,True,action,execution-coach,Deterministic action category selected.,False,False
3,3/2 shanyl/session-study-team-02-timeline.json,study-team-02,session-1774510800830-3fyb8bt0,study-user-02,AI_ON,AB,2026-03-26T07:54:31.346Z,What are some possible themes we could explore in our short film?,ask,1,manual-override,True,ask,pragmatic-advisor,Manual override selected by user.,False,False
3,3/2 shanyl/session-study-team-02-timeline.json,study-team-02,session-1774510800830-3fyb8bt0,study-user-02,AI_ON,AB,2026-03-26T07:56:08.656Z,"Give me some examples of great short films which were produced by students on a budget, and what set them apart from other.",ask,1,manual-override,True,ask,pragmatic-advisor,Manual override selected by user.,False,False
3,3/2 shanyl/session-study-team-02-timeline.json,study-team-02,session-1774510800830-3fyb8bt0,study-user-02,AI_ON,AB,2026-03-26T07:56:58.001Z,"As we don't have a high budget, suggest a concept for a film which we could make for this school project.",ask,1,manual-override,True,ask,pragmatic-advisor,Manual override selected by user.,False,False
3,3/2 shanyl/session-study-team-02-timeline.json,study-team-02,session-1774510800830-3fyb8bt0,study-user-02,AI_ON,AB,2026-03-26T07:57:27.089Z,"Yes, help me develop this story further.",ask,1,manual-override,True,ask,pragmatic-advisor,Manual override selected by user.,False,False
3,3/2 shanyl/session-study-team-02-timeline.json,study-team-02,session-1774510800830-3fyb8bt0,study-user-02,AI_ON,AB,2026-03-26T07:58:34.561Z,Suggest different formats for the film,ask,1,manual-override,True,ask,pragmatic-advisor,Manual override selected by user.,False,False
3,3/2 shanyl/session-study-team-02-timeline.json,study-team-02,session-1774510800830-3fyb8bt0,study-user-02,AI_ON,AB,2026-03-26T07:59:08.960Z,Help find research on the most impactful storylines and short-film themes,research,1,manual-override,True,research,research-analyst,Manual override selected by user.,False,False
3,3/2 shanyl/session-study-team-02-timeline.json,study-team-02,session-1774510800830-3fyb8bt0,study-user-02,AI_ON,AB,2026-03-26T08:00:04.854Z,Provide a summary of the current discussion in this chat for a new member who just joined.,ask,1,manual-override,True,summary,decision-brief,Deterministic summary category selected.,False,False
3,3/2 shanyl/session-study-team-02-timeline.json,study-team-02,session-1774510800830-3fyb8bt0,study-user-02,AI_ON,AB,2026-03-26T08:00:53.092Z,Let's focus on a the 'Day in the Life' theme. Come up with some actionables which need to be done by the next submission deadline.,ask,1,manual-override,True,action,execution-coach,Deterministic action category selected.,False,False
3,3/4 ai on/session-study-team-04-timeline.json,study-team-04,session-1774510353943-xxpeb11f,study-user-01,AI_ON,AB,2026-03-26T08:07:41.370Z,hii,ask,0.2,server-classifier,False,auto,pragmatic-advisor,Single-word non-explicit input stays in ask mode.,False,False
3,3/4 ai on/session-study-team-04-timeline.json,study-team-04,session-1774510353943-xxpeb11f,study-user-01,AI_ON,AB,2026-03-26T08:07:50.693Z,lemme add the context,ask,0.5,server-classifier,False,auto,pragmatic-advisor,No strong research signal detected; defaulting to assistant mode.,False,False
3,3/4 ai on/session-study-team-04-timeline.json,study-team-04,session-1774510353943-xxpeb11f,study-user-02,AI_ON,AB,2026-03-26T08:07:56.819Z,ok!,ask,0.2,server-classifier,False,auto,pragmatic-advisor,Single-word non-explicit input stays in ask mode.,False,False
3,3/4 ai on/session-study-team-04-timeline.json,study-team-04,session-1774510353943-xxpeb11f,study-user-01,AI_ON,AB,2026-03-26T08:08:05.996Z,what is this project about again?,ask,0.7,server-classifier,False,auto,pragmatic-advisor,General question does not require long-form research output. Research score=0.06.,False,False
3,3/4 ai on/session-study-team-04-timeline.json,study-team-04,session-1774510353943-xxpeb11f,study-user-02,AI_ON,AB,2026-03-26T08:08:22.905Z,It's a short-film creation project,ask,0.5,server-classifier,False,auto,pragmatic-advisor,No strong research signal detected; defaulting to assistant mode.,False,False
3,3/4 ai on/session-study-team-04-timeline.json,study-team-04,session-1774510353943-xxpeb11f,study-user-02,AI_ON,AB,2026-03-26T08:08:39.963Z,"We need to come up with the format, concept and have a workable idea by the end of the week",ask,0.5,server-classifier,False,auto,pragmatic-advisor,No strong research signal detected; defaulting to assistant mode. Research score=0.08.,False,False
3,3/4 ai on/session-study-team-04-timeline.json,study-team-04,session-1774510353943-xxpeb11f,study-user-01,AI_ON,AB,2026-03-26T08:09:03.165Z,okay,ask,0.2,server-classifier,False,auto,pragmatic-advisor,Single-word non-explicit input stays in ask mode.,False,False
3,3/4 ai on/session-study-team-04-timeline.json,study-team-04,session-1774510353943-xxpeb11f,study-user-01,AI_ON,AB,2026-03-26T08:09:17.418Z,What are some examples of format we can follow for this project,ask,1,manual-override,True,ask,pragmatic-advisor,Manual override selected by user.,False,False
3,3/4 ai on/session-study-team-04-timeline.json,study-team-04,session-1774510353943-xxpeb11f,study-user-02,AI_ON,AB,2026-03-26T08:09:36.803Z,Maybe we could do the silent film?,ask,0.7,server-classifier,False,auto,pragmatic-advisor,General question does not require long-form research output. Research score=0.06.,False,False
3,3/4 ai on/session-study-team-04-timeline.json,study-team-04,session-1774510353943-xxpeb11f,study-user-02,AI_ON,AB,2026-03-26T08:09:44.009Z,Won't need to record any lines haha,ask,0.5,server-classifier,False,auto,pragmatic-advisor,No strong research signal detected; defaulting to assistant mode.,False,False
3,3/4 ai on/session-study-team-04-timeline.json,study-team-04,session-1774510353943-xxpeb11f,study-user-01,AI_ON,AB,2026-03-26T08:09:51.208Z,oh okay! sounds good,ask,0.5,server-classifier,False,auto,pragmatic-advisor,No strong research signal detected; defaulting to assistant mode.,False,False
3,3/4 ai on/session-study-team-04-timeline.json,study-team-04,session-1774510353943-xxpeb11f,study-user-01,AI_ON,AB,2026-03-26T08:10:04.345Z,Give me research on silent films,research,1,manual-override,True,research,research-analyst,Manual override selected by user.,False,False
3,3/4 ai on/session-study-team-04-timeline.json,study-team-04,session-1774510353943-xxpeb11f,study-user-01,AI_ON,AB,2026-03-26T08:10:32.070Z,@agent I want examples instead,ask,1,manual-override,True,ask,pragmatic-advisor,Manual override selected by user.,False,False
3,3/4 ai on/session-study-team-04-timeline.json,study-team-04,session-1774510353943-xxpeb11f,study-user-01,AI_ON,AB,2026-03-26T08:10:57.109Z,Shall we split up the work to watch these films first for our research?,ask,0.7,server-classifier,False,auto,pragmatic-advisor,General question does not require long-form research output. Research score=0.08.,False,False
3,3/4 ai on/session-study-team-04-timeline.json,study-team-04,session-1774510353943-xxpeb11f,study-user-02,AI_ON,AB,2026-03-26T08:11:05.337Z,Yeah let's do that,ask,0.5,server-classifier,False,auto,pragmatic-advisor,No strong research signal detected; defaulting to assistant mode.,False,False
3,3/4 ai on/session-study-team-04-timeline.json,study-team-04,session-1774510353943-xxpeb11f,study-user-02,AI_ON,AB,2026-03-26T08:11:16.948Z,maybe we could do a horror film - but let's keep the budget in mind,ask,0.5,server-classifier,False,auto,pragmatic-advisor,No strong research signal detected; defaulting to assistant mode.,False,False
3,3/4 ai on/session-study-team-04-timeline.json,study-team-04,session-1774510353943-xxpeb11f,study-user-01,AI_ON,AB,2026-03-26T08:11:58.471Z,we have $300 budget right? nice,ask,0.7,server-classifier,False,auto,pragmatic-advisor,General question does not require long-form research output.,False,False
3,3/4 ai on/session-study-team-04-timeline.json,study-team-04,session-1774510353943-xxpeb11f,study-user-01,AI_ON,AB,2026-03-26T08:12:09.436Z,"for a short film, how shall we split the budget up",ask,1,manual-override,True,ask,pragmatic-advisor,Manual override selected by user.,False,False
3,3/4 ai on/session-study-team-04-timeline.json,study-team-04,session-1774510353943-xxpeb11f,study-user-02,AI_ON,AB,2026-03-26T08:13:01.387Z,Where are some good places to film a horror movie?,ask,1,manual-override,True,ask,pragmatic-advisor,Manual override selected by user.,False,False
3,3/4 ai on/session-study-team-04-timeline.json,study-team-04,session-1774510353943-xxpeb11f,study-user-01,AI_ON,AB,2026-03-26T08:13:21.133Z,@agent any specific places in Singapore?,ask,1,manual-override,True,ask,pragmatic-advisor,Manual override selected by user.,False,False
3,3/4 ai on/session-study-team-04-timeline.json,study-team-04,session-1774510353943-xxpeb11f,study-user-02,AI_ON,AB,2026-03-26T08:14:15.648Z,Any special considerations to keep in mind if we plan to film in Changi Hospital?,ask,1,manual-override,True,ask,pragmatic-advisor,Manual override selected by user.,False,False
3,3/4 ai on/session-study-team-04-timeline.json,study-team-04,session-1774510353943-xxpeb11f,study-user-01,AI_ON,AB,2026-03-26T08:14:16.788Z,Oh Haw Par Villa is near us,ask,0.5,server-classifier,False,auto,pragmatic-advisor,No strong research signal detected; defaulting to assistant mode.,False,False
3,3/4 ai on/session-study-team-04-timeline.json,study-team-04,session-1774510353943-xxpeb11f,study-user-01,AI_ON,AB,2026-03-26T08:14:40.197Z,@agent what are some famous stories about Changi Hospital,ask,1,manual-override,True,ask,pragmatic-advisor,Manual override selected by user.,False,False
3,3/4 ai on/session-study-team-04-timeline.json,study-team-04,session-1774510353943-xxpeb11f,study-user-02,AI_ON,AB,2026-03-26T08:14:54.621Z,Maybe we should do a publicly accessible area?,ask,0.7,server-classifier,False,auto,pragmatic-advisor,General question does not require long-form research output. Research score=0.06.,False,False
3,3/4 ai on/session-study-team-04-timeline.json,study-team-04,session-1774510353943-xxpeb11f,study-user-01,AI_ON,AB,2026-03-26T08:15:12.559Z,"@agent Agreed, what would be the best for us",ask,1,manual-override,True,ask,pragmatic-advisor,Manual override selected by user.,False,False
3,3/4 ai on/session-study-team-04-timeline.json,study-team-04,session-1774510353943-xxpeb11f,study-user-02,AI_ON,AB,2026-03-26T08:15:16.114Z,Any special considerations when filming at fort canning?,ask,1,manual-override,True,ask,pragmatic-advisor,Manual override selected by user.,False,False
3,3/4 ai on/session-study-team-04-timeline.json,study-team-04,session-1774510353943-xxpeb11f,study-user-02,AI_ON,AB,2026-03-26T08:16:42.317Z,Perhaps we can create a horror film in Fort Canning Park. I'm thinking of a WW2 themed horror flick.,ask,0.5,server-classifier,False,auto,pragmatic-advisor,No strong research signal detected; defaulting to assistant mode. Research score=0.08.,False,False
3,3/4 ai on/session-study-team-04-timeline.json,study-team-04,session-1774510353943-xxpeb11f,study-user-02,AI_ON,AB,2026-03-26T08:17:20.696Z,What are some characters and costume designs we should come up with for a short horror film in fort canning? I'd like to also come up with a storyline.,ask,1,manual-override,True,ask,pragmatic-advisor,Manual override selected by user.,False,False
3,3/4 ai on/session-study-team-04-timeline.json,study-team-04,session-1774510353943-xxpeb11f,study-user-01,AI_ON,AB,2026-03-26T08:19:14.534Z,Can you make a table for us to deligate work,ask,1,manual-override,True,action,execution-coach,Deterministic action category selected.,False,False
3,3/4 ai on/session-study-team-04-timeline.json,study-team-04,session-1774510353943-xxpeb11f,study-user-01,AI_ON,AB,2026-03-26T08:20:37.040Z,delegate these movies to the users,ask,1,manual-override,True,action,execution-coach,Deterministic action category selected.,False,False
3,3/5 ai light/session-study-team-05-timeline.json,study-team-05,session-1774510800830-3fyb8bt0,study-user-01,AI_LIGHT,BA,2026-03-26T08:23:52.353Z,"hiii, welcome to the chat",ask,0.5,server-classifier,False,auto,pragmatic-advisor,No strong research signal detected; defaulting to assistant mode.,False,False
3,3/5 ai light/session-study-team-05-timeline.json,study-team-05,session-1774510800830-3fyb8bt0,study-user-02,AI_LIGHT,BA,2026-03-26T08:23:58.469Z,I can set the project context,ask,0.5,server-classifier,False,auto,pragmatic-advisor,No strong research signal detected; defaulting to assistant mode.,False,False
3,3/5 ai light/session-study-team-05-timeline.json,study-team-05,session-1774510800830-3fyb8bt0,study-user-01,AI_LIGHT,BA,2026-03-26T08:23:59.811Z,let me add context first,ask,0.5,server-classifier,False,auto,pragmatic-advisor,No strong research signal detected; defaulting to assistant mode.,False,False
3,3/5 ai light/session-study-team-05-timeline.json,study-team-05,session-1774510800830-3fyb8bt0,study-user-01,AI_LIGHT,BA,2026-03-26T08:23:59.811Z,oh,ask,0.2,server-classifier,False,auto,pragmatic-advisor,Single-word non-explicit input stays in ask mode.,False,False
3,3/5 ai light/session-study-team-05-timeline.json,study-team-05,session-1774510800830-3fyb8bt0,study-user-02,AI_LIGHT,BA,2026-03-26T08:24:05.138Z,hahaha,ask,0.2,server-classifier,False,auto,pragmatic-advisor,Single-word non-explicit input stays in ask mode.,False,False
3,3/5 ai light/session-study-team-05-timeline.json,study-team-05,session-1774510800830-3fyb8bt0,study-user-01,AI_LIGHT,BA,2026-03-26T08:24:05.408Z,okay u do haha,ask,0.5,server-classifier,False,auto,pragmatic-advisor,No strong research signal detected; defaulting to assistant mode.,False,False
3,3/5 ai light/session-study-team-05-timeline.json,study-team-05,session-1774510800830-3fyb8bt0,study-user-02,AI_LIGHT,BA,2026-03-26T08:24:38.421Z,I've just set it to grad trip haha,ask,0.5,server-classifier,False,auto,pragmatic-advisor,No strong research signal detected; defaulting to assistant mode.,False,False
3,3/5 ai light/session-study-team-05-timeline.json,study-team-05,session-1774510800830-3fyb8bt0,study-user-02,AI_LIGHT,BA,2026-03-26T08:24:38.421Z,hope that's fine,ask,0.5,server-classifier,False,auto,pragmatic-advisor,No strong research signal detected; defaulting to assistant mode.,False,False
3,3/5 ai light/session-study-team-05-timeline.json,study-team-05,session-1774510800830-3fyb8bt0,study-user-01,AI_LIGHT,BA,2026-03-26T08:24:47.240Z,"oh okay, let me add more information",ask,0.5,server-classifier,False,auto,pragmatic-advisor,No strong research signal detected; defaulting to assistant mode.,False,False
3,3/5 ai light/session-study-team-05-timeline.json,study-team-05,session-1774510800830-3fyb8bt0,study-user-01,AI_LIGHT,BA,2026-03-26T08:24:47.240Z,give me a minute,ask,0.5,server-classifier,False,auto,pragmatic-advisor,No strong research signal detected; defaulting to assistant mode.,False,False
3,3/5 ai light/session-study-team-05-timeline.json,study-team-05,session-1774510800830-3fyb8bt0,study-user-02,AI_LIGHT,BA,2026-03-26T08:24:59.657Z,Maybe we can settle on a budget as well?,ask,0.7,server-classifier,False,auto,pragmatic-advisor,General question does not require long-form research output.,False,False
3,3/5 ai light/session-study-team-05-timeline.json,study-team-05,session-1774510800830-3fyb8bt0,study-user-02,AI_LIGHT,BA,2026-03-26T08:25:15.737Z,What's a good budget fo a short 3-5 day graduation trip?,ask,1,manual-override,True,ask,pragmatic-advisor,Manual override selected by user.,False,False
3,3/5 ai light/session-study-team-05-timeline.json,study-team-05,session-1774510800830-3fyb8bt0,study-user-01,AI_LIGHT,BA,2026-03-26T08:25:49.947Z,Just edited the context a bit more,ask,0.5,server-classifier,False,auto,pragmatic-advisor,No strong research signal detected; defaulting to assistant mode.,False,False
3,3/5 ai light/session-study-team-05-timeline.json,study-team-05,session-1774510800830-3fyb8bt0,study-user-01,AI_LIGHT,BA,2026-03-26T08:25:49.947Z,hope it is okay,ask,0.5,server-classifier,False,auto,pragmatic-advisor,No strong research signal detected; defaulting to assistant mode.,False,False
3,3/5 ai light/session-study-team-05-timeline.json,study-team-05,session-1774510800830-3fyb8bt0,study-user-02,AI_LIGHT,BA,2026-03-26T08:25:56.947Z,Do you think $750 would be alright? Maybe we could do a short trip to somewhere in SEA?,ask,1,manual-override,True,ask,pragmatic-advisor,Manual override selected by user.,False,False
3,3/5 ai light/session-study-team-05-timeline.json,study-team-05,session-1774510800830-3fyb8bt0,study-user-02,AI_LIGHT,BA,2026-03-26T08:26:02.787Z,Oh yeah that's fine,ask,1,manual-override,True,ask,pragmatic-advisor,Manual override selected by user.,False,False
3,3/5 ai light/session-study-team-05-timeline.json,study-team-05,session-1774510800830-3fyb8bt0,study-user-01,AI_LIGHT,BA,2026-03-26T08:26:43.570Z,"@agent I have been to Vietnam already so it would be nice to go other places, any other suggestions",ask,1,manual-override,True,ask,pragmatic-advisor,Manual override selected by user.,False,False
3,3/5 ai light/session-study-team-05-timeline.json,study-team-05,session-1774510800830-3fyb8bt0,study-user-01,AI_LIGHT,BA,2026-03-26T08:27:07.307Z,What do you think of Bali?,ask,0.7,server-classifier,False,auto,pragmatic-advisor,General question does not require long-form research output. Research score=0.06.,False,False
3,3/5 ai light/session-study-team-05-timeline.json,study-team-05,session-1774510800830-3fyb8bt0,study-user-02,AI_LIGHT,BA,2026-03-26T08:27:08.671Z,Hmm these are all great places,ask,0.5,server-classifier,False,auto,pragmatic-advisor,No strong research signal detected; defaulting to assistant mode.,False,False
3,3/5 ai light/session-study-team-05-timeline.json,study-team-05,session-1774510800830-3fyb8bt0,study-user-02,AI_LIGHT,BA,2026-03-26T08:27:19.469Z,I'd like to go to Bali but i've been there before,ask,0.5,server-classifier,False,auto,pragmatic-advisor,No strong research signal detected; defaulting to assistant mode.,False,False
3,3/5 ai light/session-study-team-05-timeline.json,study-team-05,session-1774510800830-3fyb8bt0,study-user-02,AI_LIGHT,BA,2026-03-26T08:27:25.285Z,What about the philippines?,ask,0.7,server-classifier,False,auto,pragmatic-advisor,General question does not require long-form research output. Research score=0.06.,False,False
3,3/5 ai light/session-study-team-05-timeline.json,study-team-05,session-1774510800830-3fyb8bt0,study-user-01,AI_LIGHT,BA,2026-03-26T08:27:34.619Z,Im down for Philippines,ask,0.5,server-classifier,False,auto,pragmatic-advisor,No strong research signal detected; defaulting to assistant mode.,False,False
3,3/5 ai light/session-study-team-05-timeline.json,study-team-05,session-1774510800830-3fyb8bt0,study-user-02,AI_LIGHT,BA,2026-03-26T08:27:35.650Z,"There's plenty of island, surely we can find one!",ask,0.5,server-classifier,False,auto,pragmatic-advisor,No strong research signal detected; defaulting to assistant mode.,False,False
3,3/5 ai light/session-study-team-05-timeline.json,study-team-05,session-1774510800830-3fyb8bt0,study-user-02,AI_LIGHT,BA,2026-03-26T08:27:44.185Z,Nice - let's do that then,ask,0.5,server-classifier,False,auto,pragmatic-advisor,No strong research signal detected; defaulting to assistant mode.,False,False
3,3/5 ai light/session-study-team-05-timeline.json,study-team-05,session-1774510800830-3fyb8bt0,study-user-02,AI_LIGHT,BA,2026-03-26T08:27:58.074Z,Where are some good places to visit in the Philippines?,ask,1,manual-override,True,ask,pragmatic-advisor,Manual override selected by user.,False,False
3,3/5 ai light/session-study-team-05-timeline.json,study-team-05,session-1774510800830-3fyb8bt0,study-user-01,AI_LIGHT,BA,2026-03-26T08:28:16.214Z,would August be an ideal time to visit these places,ask,1,manual-override,True,ask,pragmatic-advisor,Manual override selected by user.,False,False
3,3/5 ai light/session-study-team-05-timeline.json,study-team-05,session-1774510800830-3fyb8bt0,study-user-02,AI_LIGHT,BA,2026-03-26T08:28:24.625Z,Yes - August works for me,ask,0.5,server-classifier,False,auto,pragmatic-advisor,No strong research signal detected; defaulting to assistant mode.,False,False
3,3/5 ai light/session-study-team-05-timeline.json,study-team-05,session-1774510800830-3fyb8bt0,study-user-02,AI_LIGHT,BA,2026-03-26T08:28:45.789Z,What about Boracay?,ask,0.7,server-classifier,False,auto,pragmatic-advisor,General question does not require long-form research output. Research score=0.06.,False,False
3,3/5 ai light/session-study-team-05-timeline.json,study-team-05,session-1774510800830-3fyb8bt0,study-user-01,AI_LIGHT,BA,2026-03-26T08:28:49.797Z,Can we visit both Cebu and Palawan,ask,1,manual-override,True,ask,pragmatic-advisor,Manual override selected by user.,False,False
3,3/5 ai light/session-study-team-05-timeline.json,study-team-05,session-1774510800830-3fyb8bt0,study-user-02,AI_LIGHT,BA,2026-03-26T08:29:01.376Z,Let's do Cebu and Palawan,ask,0.5,server-classifier,False,auto,pragmatic-advisor,No strong research signal detected; defaulting to assistant mode.,False,False
3,3/5 ai light/session-study-team-05-timeline.json,study-team-05,session-1774510800830-3fyb8bt0,study-user-02,AI_LIGHT,BA,2026-03-26T08:29:12.316Z,Maybe we can spend the first 2 days in Cebu?,ask,0.7,server-classifier,False,auto,pragmatic-advisor,General question does not require long-form research output.,False,False
3,3/5 ai light/session-study-team-05-timeline.json,study-team-05,session-1774510800830-3fyb8bt0,study-user-01,AI_LIGHT,BA,2026-03-26T08:29:16.688Z,sure!,ask,0.2,server-classifier,False,auto,pragmatic-advisor,Single-word non-explicit input stays in ask mode.,False,False
3,3/5 ai light/session-study-team-05-timeline.json,study-team-05,session-1774510800830-3fyb8bt0,study-user-02,AI_LIGHT,BA,2026-03-26T08:29:26.489Z,Help to come up with an itinerary for the first 2 days of our trip in Cebu,ask,1,manual-override,True,ask,pragmatic-advisor,Manual override selected by user.,False,False
3,3/5 ai light/session-study-team-05-timeline.json,study-team-05,session-1774510800830-3fyb8bt0,study-user-02,AI_LIGHT,BA,2026-03-26T08:29:46.205Z,Could you add some timestamps?,ask,1,manual-override,True,ask,pragmatic-advisor,Manual override selected by user.,False,False
3,3/5 ai light/session-study-team-05-timeline.json,study-team-05,session-1774510800830-3fyb8bt0,study-user-01,AI_LIGHT,BA,2026-03-26T08:30:36.286Z,"@agent oh, do you want to just come with us for Cebu then",ask,1,server-classifier,False,auto,pragmatic-advisor,Direct @agent mention should route to conversational assistant mode.,False,False
3,3/5 ai light/session-study-team-05-timeline.json,study-team-05,session-1774510800830-3fyb8bt0,study-user-02,AI_LIGHT,BA,2026-03-26T08:30:43.911Z,Hmm that's tough... perhaps a 1.5 days?,ask,0.7,server-classifier,False,auto,pragmatic-advisor,General question does not require long-form research output.,False,False
3,3/5 ai light/session-study-team-05-timeline.json,study-team-05,session-1774510800830-3fyb8bt0,study-user-01,AI_LIGHT,BA,2026-03-26T08:30:59.497Z,Alice is this okay for u,ask,0.5,server-classifier,False,auto,pragmatic-advisor,No strong research signal detected; defaulting to assistant mode.,False,False
3,3/5 ai light/session-study-team-05-timeline.json,study-team-05,session-1774510800830-3fyb8bt0,study-user-01,AI_LIGHT,BA,2026-03-26T08:31:33.717Z,@agent can you make the flight shorter?,ask,1,manual-override,True,ask,pragmatic-advisor,Manual override selected by user.,False,False
3,3/5 ai light/session-study-team-05-timeline.json,study-team-05,session-1774510800830-3fyb8bt0,study-user-02,AI_LIGHT,BA,2026-03-26T08:31:54.679Z,Does that work for us?,ask,0.7,server-classifier,False,auto,pragmatic-advisor,General question does not require long-form research output.,False,False
3,3/5 ai light/session-study-team-05-timeline.json,study-team-05,session-1774510800830-3fyb8bt0,study-user-01,AI_LIGHT,BA,2026-03-26T08:32:03.098Z,okay then we go bali,ask,0.5,server-classifier,False,auto,pragmatic-advisor,No strong research signal detected; defaulting to assistant mode.,False,False
3,3/5 ai light/session-study-team-05-timeline.json,study-team-05,session-1774510800830-3fyb8bt0,study-user-02,AI_LIGHT,BA,2026-03-26T08:32:03.705Z,I'm cool with that,ask,0.5,server-classifier,False,auto,pragmatic-advisor,No strong research signal detected; defaulting to assistant mode.,False,False
3,3/5 ai light/session-study-team-05-timeline.json,study-team-05,session-1774510800830-3fyb8bt0,study-user-01,AI_LIGHT,BA,2026-03-26T08:32:13.148Z,oh,ask,0.2,server-classifier,False,auto,pragmatic-advisor,Single-word non-explicit input stays in ask mode.,False,False
3,3/5 ai light/session-study-team-05-timeline.json,study-team-05,session-1774510800830-3fyb8bt0,study-user-01,AI_LIGHT,BA,2026-03-26T08:32:13.148Z,lol,ask,0.2,server-classifier,False,auto,pragmatic-advisor,Single-word non-explicit input stays in ask mode.,False,False
3,3/5 ai light/session-study-team-05-timeline.json,study-team-05,session-1774510800830-3fyb8bt0,study-user-01,AI_LIGHT,BA,2026-03-26T08:32:13.148Z,okay cebu,ask,0.5,server-classifier,False,auto,pragmatic-advisor,No strong research signal detected; defaulting to assistant mode.,False,False
3,3/5 ai light/session-study-team-05-timeline.json,study-team-05,session-1774510800830-3fyb8bt0,study-user-02,AI_LIGHT,BA,2026-03-26T08:32:16.567Z,omg,ask,0.2,server-classifier,False,auto,pragmatic-advisor,Single-word non-explicit input stays in ask mode.,False,False
3,3/5 ai light/session-study-team-05-timeline.json,study-team-05,session-1774510800830-3fyb8bt0,study-user-02,AI_LIGHT,BA,2026-03-26T08:32:16.567Z,did alice leave,ask,0.5,server-classifier,False,auto,pragmatic-advisor,No strong research signal detected; defaulting to assistant mode.,False,False
3,3/5 ai light/session-study-team-05-timeline.json,study-team-05,session-1774510800830-3fyb8bt0,study-user-01,AI_LIGHT,BA,2026-03-26T08:32:24.166Z,she broke,ask,0.5,server-classifier,False,auto,pragmatic-advisor,No strong research signal detected; defaulting to assistant mode.,False,False
3,3/5 ai light/session-study-team-05-timeline.json,study-team-05,session-1774510800830-3fyb8bt0,study-user-02,AI_LIGHT,BA,2026-03-26T08:32:27.113Z,maybe we can go back to philippines,ask,0.5,server-classifier,False,auto,pragmatic-advisor,No strong research signal detected; defaulting to assistant mode.,False,False
3,3/5 ai light/session-study-team-05-timeline.json,study-team-05,session-1774510800830-3fyb8bt0,study-user-01,AI_LIGHT,BA,2026-03-26T08:32:34.699Z,yay!,ask,0.2,server-classifier,False,auto,pragmatic-advisor,Single-word non-explicit input stays in ask mode.,False,False
3,3/5 ai light/session-study-team-05-timeline.json,study-team-05,session-1774510800830-3fyb8bt0,study-user-02,AI_LIGHT,BA,2026-03-26T08:32:41.982Z,Nice - Cebu and Palawan?,ask,0.7,server-classifier,False,auto,pragmatic-advisor,General question does not require long-form research output.,False,False
3,3/5 ai light/session-study-team-05-timeline.json,study-team-05,session-1774510800830-3fyb8bt0,study-user-01,AI_LIGHT,BA,2026-03-26T08:32:52.313Z,What is the travel time from Cebu and Palawan,ask,1,manual-override,True,ask,pragmatic-advisor,Manual override selected by user.,False,False
4,4/1 val/session-study-team-01-timeline.json,study-team-01,19db981e-6dcf-41ec-9603-ac582a3bb767,study-user-01,AI_ON,AB,2026-03-29T07:54:21.664Z,hello,ask,0.2,server-classifier,False,auto,pragmatic-advisor,Single-word non-explicit input stays in ask mode.,False,False
4,4/1 val/session-study-team-01-timeline.json,study-team-01,19db981e-6dcf-41ec-9603-ac582a3bb767,study-user-01,AI_ON,AB,2026-03-29T07:55:55.305Z,make me into a vibecode genius,ask,0.5,server-classifier,False,auto,pragmatic-advisor,No strong research signal detected; defaulting to assistant mode.,False,False
4,4/1 val/session-study-team-01-timeline.json,study-team-01,19db981e-6dcf-41ec-9603-ac582a3bb767,study-user-01,AI_ON,AB,2026-03-29T07:56:39.992Z,look into different information websites to pull more information about vibecoding,research,1,manual-override,True,research,research-analyst,Manual override selected by user.,False,False
4,4/1 val/session-study-team-01-timeline.json,study-team-01,19db981e-6dcf-41ec-9603-ac582a3bb767,study-user-01,AI_ON,AB,2026-03-29T08:02:58.931Z,im tasked to create a research paper on the topic of culture and identity. give me 10 of the most contentious topics that i could write the research paper on. I am interested in the topics of local Singapore culture.,research,1,manual-override,True,research,research-analyst,Manual override selected by user.,False,False
4,4/1 val/session-study-team-01-timeline.json,study-team-01,19db981e-6dcf-41ec-9603-ac582a3bb767,study-user-01,AI_ON,AB,2026-03-29T08:05:36.907Z,let's zoom in more on the topic of local urbanization and cultural spaces. give me 20 possible topic sentences for this theme.,research,1,manual-override,True,research,research-analyst,Manual override selected by user.,False,False
4,4/1 val/session-study-team-01-timeline.json,study-team-01,19db981e-6dcf-41ec-9603-ac582a3bb767,study-user-01,AI_ON,AB,2026-03-29T08:09:22.182Z,"give me an outline essay on how the role of public spaces as cultural hubs is being debated right now, new infrastructure vs maintaining space.",research,1,manual-override,True,research,research-analyst,Manual override selected by user.,False,False
4,4/1 val/session-study-team-01-timeline.json,study-team-01,19db981e-6dcf-41ec-9603-ac582a3bb767,study-user-01,AI_ON,AB,2026-03-29T08:11:28.751Z,"chosen topic: New Infrastructure vs. Maintaining Existing Spaces: A significant tension exists between developing new infrastructure and preserving existing cultural spaces. The debate includes considerations of modernization benefits versus the risk of losing cultural heritage.

write the first paragraph for this topic",ask,1,manual-override,True,action,execution-coach,Deterministic action category selected.,False,False
4,4/1 val/session-study-team-01-timeline.json,study-team-01,19db981e-6dcf-41ec-9603-ac582a3bb767,study-user-01,AI_ON,AB,2026-03-29T08:12:26.173Z,"chosen topic: New Infrastructure vs. Maintaining Existing Spaces: A significant tension exists between developing new infrastructure and preserving existing cultural spaces. The debate includes considerations of modernization benefits versus the risk of losing cultural heritage.

write the first paragraph for this topic",ask,1,manual-override,True,suggestion,pragmatic-advisor,Deterministic suggestion category selected.,False,False
4,4/1 val/session-study-team-01-timeline.json,study-team-01,19db981e-6dcf-41ec-9603-ac582a3bb767,study-user-01,AI_ON,AB,2026-03-29T08:12:50.852Z,"chosen topic: New Infrastructure vs. Maintaining Existing Spaces: A significant tension exists between developing new infrastructure and preserving existing cultural spaces. The debate includes considerations of modernization benefits versus the risk of losing cultural heritage.

write the first paragraph for this topic",ask,0.5,server-classifier,False,auto,pragmatic-advisor,No strong research signal detected; defaulting to assistant mode. Research score=0.16.,False,False
4,4/1 val/session-study-team-01-timeline.json,study-team-01,19db981e-6dcf-41ec-9603-ac582a3bb767,study-user-01,AI_ON,AB,2026-03-29T08:13:10.664Z,"chosen topic: New Infrastructure vs. Maintaining Existing Spaces: A significant tension exists between developing new infrastructure and preserving existing cultural spaces. The debate includes considerations of modernization benefits versus the risk of losing cultural heritage.

write the first paragraph for this topic",ask,1,manual-override,True,ask,pragmatic-advisor,Manual override selected by user.,False,False
4,4/1 val/session-study-team-01-timeline.json,study-team-01,19db981e-6dcf-41ec-9603-ac582a3bb767,study-user-01,AI_ON,AB,2026-03-29T08:14:15.201Z,"@agent chosen topic: New Infrastructure vs. Maintaining Existing Spaces: A significant tension exists between developing new infrastructure and preserving existing cultural spaces. The debate includes considerations of modernization benefits versus the risk of losing cultural heritage.

write the first paragraph for this topic",ask,1,manual-override,True,ask,pragmatic-advisor,Manual override selected by user.,False,False
4,4/2 jen/session-study-team-02-timeline.json,study-team-02,session-1774769913841-p49unok0,study-user-02,AI_ON,AB,2026-03-29T07:54:14.930Z,wat can you do for me,ask,0.5,server-classifier,False,auto,pragmatic-advisor,No strong research signal detected; defaulting to assistant mode.,False,False
4,4/2 jen/session-study-team-02-timeline.json,study-team-02,session-1774769913841-p49unok0,study-user-02,AI_ON,AB,2026-03-29T07:56:19.878Z,what can you help me with,ask,1,manual-override,True,suggestion,pragmatic-advisor,Deterministic suggestion category selected.,False,False
4,4/2 jen/session-study-team-02-timeline.json,study-team-02,session-1774769913841-p49unok0,study-user-02,AI_ON,AB,2026-03-29T07:56:57.222Z,@agent yes please go ahead,ask,1,manual-override,True,ask,pragmatic-advisor,Manual override selected by user.,False,False
4,4/2 jen/session-study-team-02-timeline.json,study-team-02,session-1774769913841-p49unok0,study-user-02,AI_ON,AB,2026-03-29T08:03:54.239Z,"tell me how a research paper flows, and what angles of discussion around cultural identity whether social, political, pyschological, etc.",ask,1,manual-override,True,suggestion,pragmatic-advisor,Deterministic suggestion category selected.,False,False
4,4/2 jen/session-study-team-02-timeline.json,study-team-02,session-1774769913841-p49unok0,study-user-02,AI_ON,AB,2026-03-29T08:05:16.833Z,@agent can you give me some reference links of good research papers that i can have a read,ask,1,manual-override,True,ask,pragmatic-advisor,Manual override selected by user.,False,False
4,4/2 jen/session-study-team-02-timeline.json,study-team-02,session-1774769913841-p49unok0,study-user-02,AI_ON,AB,2026-03-29T08:08:04.255Z,"tell me what i should avoid in my paper, and what would be interesting to discuss/bring out, that would pique my reader and also be more relatable or relevant in todays context, while taking into account history",ask,1,manual-override,True,ask,pragmatic-advisor,Manual override selected by user.,False,False
4,4/2 jen/session-study-team-02-timeline.json,study-team-02,session-1774769913841-p49unok0,study-user-02,AI_ON,AB,2026-03-29T08:08:52.988Z,tell me more,ask,1,manual-override,True,ask,pragmatic-advisor,Manual override selected by user.,False,False
4,4/2 jen/session-study-team-02-timeline.json,study-team-02,session-1774769913841-p49unok0,study-user-02,AI_ON,AB,2026-03-29T08:10:16.749Z,go deeper into each of these angles,research,1,manual-override,True,research,research-analyst,Manual override selected by user.,False,False
4,4/2 jen/session-study-team-02-timeline.json,study-team-02,session-1774769913841-p49unok0,study-user-02,AI_ON,AB,2026-03-29T08:12:19.591Z,summarise what we have talked about,ask,1,manual-override,True,summary,decision-brief,Deterministic summary category selected.,False,False
4,4/2 jen/session-study-team-02-timeline.json,study-team-02,session-1774769913841-p49unok0,study-user-02,AI_ON,AB,2026-03-29T08:13:23.107Z,sieve out the relevant points in this chat so i can start working on my draft,ask,1,manual-override,True,action,execution-coach,Deterministic action category selected.,False,False
4,4/4 ai on/session-study-team-04-timeline.json,study-team-04,session-1774769913841-p49unok0,study-user-02,AI_ON,AB,2026-03-29T08:25:21.766Z,haii,ask,0.2,server-classifier,False,auto,pragmatic-advisor,Single-word non-explicit input stays in ask mode.,False,False
4,4/4 ai on/session-study-team-04-timeline.json,study-team-04,session-1774769913841-p49unok0,study-user-02,AI_ON,AB,2026-03-29T08:26:02.924Z,what chu do,ask,1,manual-override,True,ask,pragmatic-advisor,Manual override selected by user.,False,False
4,4/4 ai on/session-study-team-04-timeline.json,study-team-04,session-1774769913841-p49unok0,study-user-02,AI_ON,AB,2026-03-29T08:26:17.051Z,whadda bout ya,ask,0.5,server-classifier,False,auto,pragmatic-advisor,No strong research signal detected; defaulting to assistant mode.,False,False
4,4/4 ai on/session-study-team-04-timeline.json,study-team-04,session-1774769913841-p49unok0,study-user-01,AI_ON,AB,2026-03-29T08:26:23.329Z,which smu building do u study at,ask,0.5,server-classifier,False,auto,pragmatic-advisor,No strong research signal detected; defaulting to assistant mode.,False,False
4,4/4 ai on/session-study-team-04-timeline.json,study-team-04,session-1774769913841-p49unok0,study-user-02,AI_ON,AB,2026-03-29T08:26:30.278Z,sob!,ask,0.2,server-classifier,False,auto,pragmatic-advisor,Single-word non-explicit input stays in ask mode.,False,False
4,4/4 ai on/session-study-team-04-timeline.json,study-team-04,session-1774769913841-p49unok0,study-user-02,AI_ON,AB,2026-03-29T08:26:40.606Z,lee kong chian school of business,ask,0.5,server-classifier,False,auto,pragmatic-advisor,No strong research signal detected; defaulting to assistant mode.,False,False
4,4/4 ai on/session-study-team-04-timeline.json,study-team-04,session-1774769913841-p49unok0,study-user-01,AI_ON,AB,2026-03-29T08:26:50.347Z,which area in singapore is that?,ask,0.7,server-classifier,False,auto,pragmatic-advisor,General question does not require long-form research output. Research score=0.06.,False,False
4,4/4 ai on/session-study-team-04-timeline.json,study-team-04,session-1774769913841-p49unok0,study-user-02,AI_ON,AB,2026-03-29T08:26:57.704Z,dhoby ghaut/bencoolen/bras basah,ask,0.5,server-classifier,False,auto,pragmatic-advisor,No strong research signal detected; defaulting to assistant mode.,False,False
4,4/4 ai on/session-study-team-04-timeline.json,study-team-04,session-1774769913841-p49unok0,study-user-02,AI_ON,AB,2026-03-29T08:27:09.995Z,what abt u! where do u work.,ask,0.5,server-classifier,False,auto,pragmatic-advisor,No strong research signal detected; defaulting to assistant mode.,False,False
4,4/4 ai on/session-study-team-04-timeline.json,study-team-04,session-1774769913841-p49unok0,study-user-01,AI_ON,AB,2026-03-29T08:27:15.598Z,i work at jurong L,ask,0.5,server-classifier,False,auto,pragmatic-advisor,No strong research signal detected; defaulting to assistant mode.,False,False
4,4/4 ai on/session-study-team-04-timeline.json,study-team-04,session-1774769913841-p49unok0,study-user-02,AI_ON,AB,2026-03-29T08:27:17.939Z,holy crap,ask,0.5,server-classifier,False,auto,pragmatic-advisor,No strong research signal detected; defaulting to assistant mode.,False,False
4,4/4 ai on/session-study-team-04-timeline.json,study-team-04,session-1774769913841-p49unok0,study-user-02,AI_ON,AB,2026-03-29T08:27:17.939Z,thats so far,ask,0.5,server-classifier,False,auto,pragmatic-advisor,No strong research signal detected; defaulting to assistant mode.,False,False
4,4/4 ai on/session-study-team-04-timeline.json,study-team-04,session-1774769913841-p49unok0,study-user-01,AI_ON,AB,2026-03-29T08:27:36.606Z,where is the midpoint between dhoby ghaut and jurong?,ask,1,manual-override,True,ask,pragmatic-advisor,Manual override selected by user.,False,False
4,4/4 ai on/session-study-team-04-timeline.json,study-team-04,session-1774769913841-p49unok0,study-user-01,AI_ON,AB,2026-03-29T08:28:46.739Z,price of a 4 room hdb for rent in queenstown or buona vista,research,1,manual-override,True,research,research-analyst,Manual override selected by user.,False,False
4,4/4 ai on/session-study-team-04-timeline.json,study-team-04,session-1774769913841-p49unok0,study-user-02,AI_ON,AB,2026-03-29T08:29:03.457Z,"where is a good district in singapore to stay, that would be well within our budget and also convenient",ask,1,manual-override,True,ask,pragmatic-advisor,Manual override selected by user.,False,False
4,4/4 ai on/session-study-team-04-timeline.json,study-team-04,session-1774769913841-p49unok0,study-user-02,AI_ON,AB,2026-03-29T08:30:40.619Z,what else should we consider when looking to rent in singapore,ask,1,manual-override,True,ask,pragmatic-advisor,Manual override selected by user.,False,False
4,4/4 ai on/session-study-team-04-timeline.json,study-team-04,session-1774769913841-p49unok0,study-user-01,AI_ON,AB,2026-03-29T08:31:34.765Z,how do u get to school? i take mrt.,ask,0.7,server-classifier,False,auto,pragmatic-advisor,General question does not require long-form research output. Research score=0.06.,False,False
4,4/4 ai on/session-study-team-04-timeline.json,study-team-04,session-1774769913841-p49unok0,study-user-02,AI_ON,AB,2026-03-29T08:31:37.284Z,i walk,ask,1,manual-override,True,ask,pragmatic-advisor,Manual override selected by user.,False,False
4,4/4 ai on/session-study-team-04-timeline.json,study-team-04,session-1774769913841-p49unok0,study-user-02,AI_ON,AB,2026-03-29T08:31:55.586Z,whats the fastest way i can get to school,research,1,manual-override,True,research,research-analyst,Manual override selected by user.,False,False
4,4/4 ai on/session-study-team-04-timeline.json,study-team-04,session-1774769913841-p49unok0,study-user-01,AI_ON,AB,2026-03-29T08:34:36.652Z,"what is the midpoint between dhouby ghaut, jurong east and pasir ris?",ask,1,manual-override,True,ask,pragmatic-advisor,Manual override selected by user.,False,False
4,4/4 ai on/session-study-team-04-timeline.json,study-team-04,session-1774769913841-p49unok0,study-user-02,AI_ON,AB,2026-03-29T08:34:49.353Z,actually nice,research,1,manual-override,True,research,research-analyst,Manual override selected by user.,False,False
4,4/4 ai on/session-study-team-04-timeline.json,study-team-04,session-1774769913841-p49unok0,study-user-01,AI_ON,AB,2026-03-29T08:35:11.216Z,what are some of ur non negotiables when it comes to housing?,ask,0.7,server-classifier,False,auto,pragmatic-advisor,General question does not require long-form research output. Research score=0.06.,False,False
4,4/4 ai on/session-study-team-04-timeline.json,study-team-04,session-1774769913841-p49unok0,study-user-02,AI_ON,AB,2026-03-29T08:35:33.680Z,"location, budget, and near amenities like superamarkets",ask,0.5,server-classifier,False,auto,pragmatic-advisor,No strong research signal detected; defaulting to assistant mode.,False,False
4,4/4 ai on/session-study-team-04-timeline.json,study-team-04,session-1774769913841-p49unok0,study-user-02,AI_ON,AB,2026-03-29T08:35:39.632Z,what abt u!,ask,0.5,server-classifier,False,auto,pragmatic-advisor,No strong research signal detected; defaulting to assistant mode.,False,False
4,4/4 ai on/session-study-team-04-timeline.json,study-team-04,session-1774769913841-p49unok0,study-user-01,AI_ON,AB,2026-03-29T08:36:14.967Z,i think toa payoh has a lot of shopping hubs! good food and supermarkets with a lot of sports complexes,ask,0.5,server-classifier,False,auto,pragmatic-advisor,No strong research signal detected; defaulting to assistant mode. Research score=0.08.,False,False
4,4/4 ai on/session-study-team-04-timeline.json,study-team-04,session-1774769913841-p49unok0,study-user-02,AI_ON,AB,2026-03-29T08:36:17.617Z,That's great!,ask,0.5,server-classifier,False,auto,pragmatic-advisor,No strong research signal detected; defaulting to assistant mode.,False,False
4,4/4 ai on/session-study-team-04-timeline.json,study-team-04,session-1774769913841-p49unok0,study-user-02,AI_ON,AB,2026-03-29T08:36:37.672Z,Ya think we can get a private residence with our budget?,ask,0.7,server-classifier,False,auto,pragmatic-advisor,General question does not require long-form research output.,False,False
4,4/4 ai on/session-study-team-04-timeline.json,study-team-04,session-1774769913841-p49unok0,study-user-01,AI_ON,AB,2026-03-29T08:37:22.924Z,is toa payoh or bishan rent cheaper,ask,1,manual-override,True,ask,pragmatic-advisor,Manual override selected by user.,False,False
4,4/4 ai on/session-study-team-04-timeline.json,study-team-04,session-1774769913841-p49unok0,study-user-02,AI_ON,AB,2026-03-29T08:37:40.922Z,yes please,ask,0.5,server-classifier,False,auto,pragmatic-advisor,No strong research signal detected; defaulting to assistant mode.,False,False
4,4/4 ai on/session-study-team-04-timeline.json,study-team-04,session-1774769913841-p49unok0,study-user-02,AI_ON,AB,2026-03-29T08:37:49.019Z,yes please,ask,1,manual-override,True,ask,pragmatic-advisor,Manual override selected by user.,False,False
4,4/5 ai light/session-study-team-05-timeline.json,study-team-05,19db981e-6dcf-41ec-9603-ac582a3bb767,study-user-02,AI_LIGHT,BA,2026-03-29T08:47:45.736Z,HAIIII,ask,0.2,server-classifier,False,auto,pragmatic-advisor,Single-word non-explicit input stays in ask mode.,False,False
4,4/5 ai light/session-study-team-05-timeline.json,study-team-05,19db981e-6dcf-41ec-9603-ac582a3bb767,study-user-01,AI_LIGHT,BA,2026-03-29T08:47:47.306Z,where shld we go? yayy,ask,0.7,server-classifier,False,auto,pragmatic-advisor,General question does not require long-form research output.,False,False
4,4/5 ai light/session-study-team-05-timeline.json,study-team-05,19db981e-6dcf-41ec-9603-ac582a3bb767,study-user-02,AI_LIGHT,BA,2026-03-29T08:48:04.781Z,LETS LIST DOWN SOME OF OUR DREAM TRAVEL DESTINATIONS,ask,0.5,server-classifier,False,auto,pragmatic-advisor,No strong research signal detected; defaulting to assistant mode.,False,False
4,4/5 ai light/session-study-team-05-timeline.json,study-team-05,19db981e-6dcf-41ec-9603-ac582a3bb767,study-user-01,AI_LIGHT,BA,2026-03-29T08:48:15.979Z,where is the safest country to go right now with the war going on,ask,1,manual-override,True,ask,pragmatic-advisor,Manual override selected by user.,False,False
4,4/5 ai light/session-study-team-05-timeline.json,study-team-05,19db981e-6dcf-41ec-9603-ac582a3bb767,study-user-02,AI_LIGHT,BA,2026-03-29T08:48:40.597Z,greenland is fine huh,ask,1,manual-override,True,ask,pragmatic-advisor,Manual override selected by user.,False,False
4,4/5 ai light/session-study-team-05-timeline.json,study-team-05,19db981e-6dcf-41ec-9603-ac582a3bb767,study-user-02,AI_LIGHT,BA,2026-03-29T08:48:56.807Z,have u considered the US greenland conflict or nah,ask,1,manual-override,True,ask,pragmatic-advisor,Manual override selected by user.,False,False
4,4/5 ai light/session-study-team-05-timeline.json,study-team-05,19db981e-6dcf-41ec-9603-ac582a3bb767,study-user-02,AI_LIGHT,BA,2026-03-29T08:49:25.472Z,iceland sounds great!,ask,0.5,server-classifier,False,auto,pragmatic-advisor,No strong research signal detected; defaulting to assistant mode.,False,False
4,4/5 ai light/session-study-team-05-timeline.json,study-team-05,19db981e-6dcf-41ec-9603-ac582a3bb767,study-user-01,AI_LIGHT,BA,2026-03-29T08:49:50.217Z,how many days wld u suggest to go iceland for for the full tourist experience there,ask,1,manual-override,True,ask,pragmatic-advisor,Manual override selected by user.,False,False
4,4/5 ai light/session-study-team-05-timeline.json,study-team-05,19db981e-6dcf-41ec-9603-ac582a3bb767,study-user-02,AI_LIGHT,BA,2026-03-29T08:50:31.107Z,give us a 3-5 day itinerary covering all the best spots,ask,1,manual-override,True,ask,pragmatic-advisor,Manual override selected by user.,False,False
4,4/5 ai light/session-study-team-05-timeline.json,study-team-05,19db981e-6dcf-41ec-9603-ac582a3bb767,study-user-02,AI_LIGHT,BA,2026-03-29T08:50:58.860Z,whats the estimated budget,ask,1,manual-override,True,ask,pragmatic-advisor,Manual override selected by user.,False,False
4,4/5 ai light/session-study-team-05-timeline.json,study-team-05,19db981e-6dcf-41ec-9603-ac582a3bb767,study-user-01,AI_LIGHT,BA,2026-03-29T08:51:48.055Z,lets plan for a full day of day 4 from 9am to 9pm,ask,1,manual-override,True,ask,pragmatic-advisor,Manual override selected by user.,False,False
4,4/5 ai light/session-study-team-05-timeline.json,study-team-05,19db981e-6dcf-41ec-9603-ac582a3bb767,study-user-01,AI_LIGHT,BA,2026-03-29T08:52:13.307Z,are u sure all these places are close to each other?,ask,1,manual-override,True,ask,pragmatic-advisor,Manual override selected by user.,False,False
4,4/5 ai light/session-study-team-05-timeline.json,study-team-05,19db981e-6dcf-41ec-9603-ac582a3bb767,study-user-02,AI_LIGHT,BA,2026-03-29T08:52:41.464Z,whats the weather like,ask,1,manual-override,True,ask,pragmatic-advisor,Manual override selected by user.,False,False
4,4/5 ai light/session-study-team-05-timeline.json,study-team-05,19db981e-6dcf-41ec-9603-ac582a3bb767,study-user-01,AI_LIGHT,BA,2026-03-29T08:56:12.021Z,bruh stella said that she doesnt like nature.. we might need to replan the whole entire trip without nature or hiking...... where tf do u go shopping in iceland,ask,1,manual-override,True,ask,pragmatic-advisor,Manual override selected by user.,False,False
4,4/5 ai light/session-study-team-05-timeline.json,study-team-05,19db981e-6dcf-41ec-9603-ac582a3bb767,study-user-02,AI_LIGHT,BA,2026-03-29T08:56:18.757Z,:0000000,ask,0.2,server-classifier,False,auto,pragmatic-advisor,Single-word non-explicit input stays in ask mode.,False,False
4,4/5 ai light/session-study-team-05-timeline.json,study-team-05,19db981e-6dcf-41ec-9603-ac582a3bb767,study-user-02,AI_LIGHT,BA,2026-03-29T08:56:35.855Z,NOOOO I HATE STELLA,ask,0.5,server-classifier,False,auto,pragmatic-advisor,No strong research signal detected; defaulting to assistant mode.,False,False
4,4/5 ai light/session-study-team-05-timeline.json,study-team-05,19db981e-6dcf-41ec-9603-ac582a3bb767,study-user-02,AI_LIGHT,BA,2026-03-29T08:57:20.302Z,"oh no, we need to rethink our plan",ask,0.5,server-classifier,False,auto,pragmatic-advisor,No strong research signal detected; defaulting to assistant mode.,False,False
4,4/5 ai light/session-study-team-05-timeline.json,study-team-05,19db981e-6dcf-41ec-9603-ac582a3bb767,study-user-02,AI_LIGHT,BA,2026-03-29T08:58:01.867Z,would these spots you recommended fit in our day 4 itinerary?,ask,1,manual-override,True,ask,pragmatic-advisor,Manual override selected by user.,False,False
4,4/5 ai light/session-study-team-05-timeline.json,study-team-05,19db981e-6dcf-41ec-9603-ac582a3bb767,study-user-01,AI_LIGHT,BA,2026-03-29T08:58:08.505Z,"okay replan a trip with only hiking for 2 days and shopping for the rest of the 3 days. during the 2 days of hiking, give me 2 locations stella could go for shopping while we hike.",ask,1,manual-override,True,ask,pragmatic-advisor,Manual override selected by user.,False,False
4,4/5 ai light/session-study-team-05-timeline.json,study-team-05,19db981e-6dcf-41ec-9603-ac582a3bb767,study-user-02,AI_LIGHT,BA,2026-03-29T08:58:33.925Z,ummarise,ask,1,manual-override,True,ask,pragmatic-advisor,Manual override selected by user.,False,False
